Genre,has_gamepass_remediation,momentum_mean,momentum_std,momentum_median,discovery_capture_mean,discovery_capture_std,discovery_capture_median,quality_retention_mean,quality_retention_std,quality_retention_median,rating_7_days_avg_mean,rating_7_days_avg_std,rating_7_days_avg_median,rating_30_days_avg_mean,rating_30_days_avg_std,rating_30_days_avg_median,rating_alltime_avg_mean,rating_alltime_avg_std,rating_alltime_avg_median,rating_7_days_count_mean,rating_7_days_count_std,rating_7_days_count_median,rating_30_days_count_mean,rating_30_days_count_std,rating_30_days_count_median,rating_alltime_count_mean,rating_alltime_count_std,rating_alltime_count_median,game_count
Action,False,32.74,38.23,16.67,0.28,1.27,0.02,-0.51,1.82,0.1,2.15,2.22,1.0,3.32,1.98,4.1,3.83,0.54,3.9,1.1,1.4,1.0,3.29,4.72,1.0,2158.19,3300.31,894.0,63
Action,True,30.18,21.97,30.56,0.34,0.47,0.15,0.31,0.47,0.2,3.26,1.72,3.7,4.07,0.66,4.1,3.76,0.62,3.6,16.64,25.56,11.0,57.91,84.91,31.0,8122.45,8458.91,5796.0,11
Action / Action-Adventure,False,30.47,31.91,27.78,0.15,0.18,0.09,0.6,0.72,0.4,2.9,2.54,4.0,4.43,0.55,4.7,3.83,1.25,4.4,4.0,3.61,5.0,11.33,6.51,11.0,2762.67,2780.01,2022.0,3
Action / Action-Adventure,True,32.76,,32.76,0.08,,0.08,-0.2,,-0.2,4.5,,4.5,4.3,,4.3,4.5,,4.5,19.0,,19.0,58.0,,58.0,23978.0,,23978.0,1
Action / Adventure,False,0.0,0.0,0.0,0.0,0.0,0.0,-1.0,1.73,-2.0,0.0,0.0,0.0,3.0,1.73,2.0,4.0,0.0,4.0,0.0,0.0,0.0,1.0,0.0,1.0,2016.33,302.53,2191.0,3
Action / Adventure / Platformer,False,25.0,,25.0,0.14,,0.14,2.4,,2.4,5.0,,5.0,4.8,,4.8,2.4,,2.4,1.0,,1.0,4.0,,4.0,703.0,,703.0,1
Action / Adventure / RPG,True,100.0,,100.0,0.38,,0.38,-2.1,,-2.1,1.0,,1.0,1.0,,1.0,3.1,,3.1,1.0,,1.0,1.0,,1.0,261.0,,261.0,1
Action / Adventure / RPG / Simulation,False,0.0,,0.0,0.0,,0.0,1.5,,1.5,0.0,,0.0,4.5,,4.5,3.0,,3.0,0.0,,0.0,2.0,,2.0,829.0,,829.0,1
Action / Adventure / Shooter,False,0.0,,0.0,0.0,,0.0,0.9,,0.9,0.0,,0.0,5.0,,5.0,4.1,,4.1,0.0,,0.0,7.0,,7.0,3387.0,,3387.0,1
Action / Brawler,False,11.76,16.64,11.76,0.02,0.04,0.02,0.15,0.92,0.15,2.5,3.54,2.5,4.45,0.64,4.45,4.3,0.28,4.3,2.0,2.83,2.0,9.0,11.31,9.0,3819.0,5079.86,3819.0,2
Action / Brawler,True,30.19,,30.19,0.18,,0.18,0.4,,0.4,4.9,,4.9,4.8,,4.8,4.4,,4.4,16.0,,16.0,53.0,,53.0,8967.0,,8967.0,1
Action / Compilation,False,0.0,,0.0,0.0,,0.0,1.0,,1.0,0.0,,0.0,5.0,,5.0,4.0,,4.0,0.0,,0.0,1.0,,1.0,586.0,,586.0,1
Action / Compilation / Platformer,False,33.33,,33.33,0.03,,0.03,0.6,,0.6,5.0,,5.0,5.0,,5.0,4.4,,4.4,1.0,,1.0,3.0,,3.0,3141.0,,3141.0,1
Action / Compilation / Shoot 'Em Up,False,0.0,,0.0,0.0,,0.0,-1.7,,-1.7,0.0,,0.0,1.0,,1.0,2.7,,2.7,0.0,,0.0,1.0,,1.0,379.0,,379.0,1
Action / Driving/Racing,False,0.0,,0.0,0.0,,0.0,-3.4,,-3.4,0.0,,0.0,0.0,,0.0,3.4,,3.4,0.0,,0.0,0.0,,0.0,1103.0,,1103.0,1
Action / Dual-Joystick Shooter,False,50.0,,50.0,0.19,,0.19,-1.5,,-1.5,1.0,,1.0,3.0,,3.0,4.5,,4.5,1.0,,1.0,2.0,,2.0,521.0,,521.0,1
Action / Dual-Joystick Shooter,True,0.0,,0.0,0.0,,0.0,1.0,,1.0,0.0,,0.0,5.0,,5.0,4.0,,4.0,0.0,,0.0,1.0,,1.0,5181.0,,5181.0,1
Action / Fighting,False,0.0,,0.0,0.0,,0.0,-4.3,,-4.3,0.0,,0.0,0.0,,0.0,4.3,,4.3,0.0,,0.0,0.0,,0.0,502.0,,502.0,1
Action / First-Person Shooter,False,32.06,42.19,13.4,0.78,1.27,0.13,-0.18,1.65,0.3,3.92,1.73,4.6,3.76,1.57,4.2,3.94,0.4,4.1,2.12,2.42,1.0,7.5,4.17,7.0,1014.88,843.74,721.0,8
Action / First-Person Shooter,True,63.04,52.26,63.04,0.19,0.0,0.19,0.4,0.14,0.4,3.85,0.21,3.85,4.0,0.0,4.0,3.6,0.14,3.6,3.5,3.54,3.5,12.0,15.56,12.0,1853.0,1868.18,1853.0,2
Action / First-Person Shooter / Vehicular Combat,False,14.29,,14.29,0.07,,0.07,0.8,,0.8,5.0,,5.0,5.0,,5.0,4.2,,4.2,1.0,,1.0,7.0,,7.0,1390.0,,1390.0,1
Action / First-Person Shooter / Vehicular Combat,True,32.86,,32.86,0.26,,0.26,0.4,,0.4,3.7,,3.7,3.6,,3.6,3.2,,3.2,46.0,,46.0,140.0,,140.0,17967.0,,17967.0,1
Action / Flight Simulator,False,26.74,6.39,26.74,0.12,0.03,0.12,0.55,0.07,0.55,4.0,0.0,4.0,3.9,0.28,3.9,3.35,0.35,3.35,5.5,0.71,5.5,21.5,7.78,21.5,4669.0,659.02,4669.0,2
Action / Platformer,False,19.69,30.94,0.0,0.13,0.27,0.0,-1.49,2.18,-1.3,1.71,2.39,0.0,2.44,2.4,2.7,3.93,0.4,4.1,1.21,2.19,0.0,3.0,4.84,1.0,987.64,1019.31,597.5,14
Action / Platformer,True,0.0,,0.0,0.0,,0.0,-0.5,,-0.5,0.0,,0.0,3.2,,3.2,3.7,,3.7,0.0,,0.0,4.0,,4.0,1332.0,,1332.0,1
Action / Platformer / Action-Adventure,False,12.5,,12.5,0.06,,0.06,0.3,,0.3,5.0,,5.0,4.9,,4.9,4.6,,4.6,1.0,,1.0,8.0,,8.0,1605.0,,1605.0,1
Action / Puzzle,False,50.0,0.0,50.0,0.2,0.09,0.2,0.25,0.35,0.25,5.0,0.0,5.0,4.25,1.06,4.25,4.0,0.71,4.0,1.0,0.0,1.0,2.0,0.0,2.0,573.0,265.87,573.0,2
Action / Puzzle / Platformer,False,50.0,70.71,50.0,0.14,0.2,0.14,-3.1,1.13,-3.1,0.5,0.71,0.5,0.5,0.71,0.5,3.6,0.42,3.6,0.5,0.71,0.5,0.5,0.71,0.5,203.5,225.57,203.5,2
Action / RPG,False,17.03,20.94,3.92,0.06,0.08,0.02,-1.01,1.7,-0.2,2.06,2.17,1.5,2.65,1.94,3.4,3.66,0.57,3.75,2.39,3.44,0.5,10.0,14.56,3.0,2872.18,3671.15,1406.0,28
Action / RPG,True,21.16,10.2,23.47,0.16,0.12,0.18,0.13,0.47,0.3,4.0,1.0,4.0,4.37,0.29,4.2,4.23,0.47,4.4,10.0,11.53,6.0,42.67,48.18,20.0,6074.67,5571.94,3527.0,3
Action / RPG / Action-Adventure,False,11.65,16.75,0.0,0.06,0.1,0.0,0.12,0.36,0.3,1.72,2.36,0.0,3.98,0.38,4.0,3.86,0.54,4.0,3.0,4.12,0.0,15.6,11.06,9.0,4801.4,2167.82,3687.0,5
Action / RPG / Action-Adventure,True,32.96,24.11,32.96,0.16,0.01,0.16,-0.65,0.21,-0.65,3.35,0.78,3.35,3.2,0.14,3.2,3.85,0.35,3.85,6.5,0.71,6.5,28.0,22.63,28.0,4217.0,698.62,4217.0,2
Action / RPG / Brawler / Action-Adventure,False,44.44,,44.44,0.85,,0.85,0.4,,0.4,5.0,,5.0,4.9,,4.9,4.5,,4.5,4.0,,4.0,9.0,,9.0,471.0,,471.0,1
Action / RPG / Compilation,False,0.0,,0.0,0.0,,0.0,0.0,,0.0,0.0,,0.0,4.5,,4.5,4.5,,4.5,0.0,,0.0,2.0,,2.0,346.0,,346.0,1
Action / RPG / First-Person Shooter,False,0.0,0.0,0.0,0.0,0.0,0.0,-0.2,0.0,-0.2,0.0,0.0,0.0,4.3,0.0,4.3,4.5,0.0,4.5,0.0,0.0,0.0,6.0,0.0,6.0,7560.0,0.0,7560.0,2
Action / RPG / Shooter,False,56.25,44.19,56.25,0.14,0.15,0.14,0.8,0.28,0.8,4.95,0.07,4.95,4.65,0.35,4.65,3.85,0.07,3.85,4.5,3.54,4.5,8.0,0.0,8.0,5356.0,3457.75,5356.0,2
Action / Shoot 'Em Up,False,16.66,23.57,16.66,0.06,0.08,0.06,-1.95,3.32,-1.95,2.5,3.54,2.5,2.5,3.54,2.5,4.45,0.21,4.45,0.5,0.71,0.5,1.5,2.12,1.5,526.0,554.37,526.0,2
Action / Shooter,False,14.73,16.09,16.67,0.08,0.1,0.03,-0.35,1.69,0.2,2.54,2.31,3.0,3.62,1.68,4.0,3.97,0.38,3.9,1.58,2.27,1.0,7.16,7.7,5.0,3948.53,4541.71,1726.0,19
Action / Shooter,True,20.77,16.29,28.26,0.12,0.1,0.12,-1.42,2.13,-0.2,3.13,2.43,4.7,3.0,2.34,4.2,4.42,0.29,4.4,9.67,7.61,13.0,31.0,24.02,46.0,6018.17,4515.38,7032.0,6
Action / Shooter / Brawler,False,20.0,,20.0,0.36,,0.36,-0.5,,-0.5,3.0,,3.0,3.7,,3.7,4.2,,4.2,2.0,,2.0,10.0,,10.0,549.0,,549.0,1
Action / Shooter / Dual-Joystick Shooter,False,0.0,0.0,0.0,0.0,0.0,0.0,-1.35,3.46,-1.35,0.0,0.0,0.0,2.25,3.18,2.25,3.6,0.28,3.6,0.0,0.0,0.0,1.0,1.41,1.0,806.0,526.09,806.0,2
Action / Shooter / First-Person Shooter / Vehicular Combat,False,0.0,,0.0,0.0,,0.0,-2.1,,-2.1,0.0,,0.0,0.0,,0.0,2.1,,2.1,0.0,,0.0,0.0,,0.0,321.0,,321.0,1
Action / Shooter / Platformer,False,8.33,0.0,8.33,0.06,0.0,0.06,0.5,0.0,0.5,4.5,0.0,4.5,4.7,0.0,4.7,4.2,0.0,4.2,2.0,0.0,2.0,24.0,0.0,24.0,3545.0,0.0,3545.0,2
Action / Simulation,False,5.0,10.0,0.0,0.02,0.04,0.0,-2.17,2.2,-2.5,1.25,2.5,0.0,1.65,2.02,1.0,3.82,0.47,3.65,0.5,1.0,0.0,3.0,4.69,1.0,1467.0,1150.7,1424.0,4
Action / Simulation,True,22.22,,22.22,0.08,,0.08,0.8,,0.8,4.0,,4.0,3.9,,3.9,3.1,,3.1,4.0,,4.0,18.0,,18.0,4822.0,,4822.0,1
Action / Simulation / Fighting / Brawler,True,43.24,,43.24,0.8,,0.8,0.3,,0.3,4.3,,4.3,4.4,,4.4,4.1,,4.1,32.0,,32.0,74.0,,74.0,4010.0,,4010.0,1
Action / Simulation / Shooter,True,11.11,,11.11,0.04,,0.04,1.1,,1.1,3.0,,3.0,4.4,,4.4,3.3,,3.3,2.0,,2.0,18.0,,18.0,4914.0,,4914.0,1
Action / Strategy,False,34.0,42.19,20.0,0.04,0.04,0.06,-1.58,2.29,-2.3,1.8,2.05,2.0,2.2,2.28,2.0,3.78,0.33,3.6,0.6,0.55,1.0,1.6,2.07,1.0,1111.2,661.58,1241.0,5
Action / Strategy / Action-Adventure,False,0.0,,0.0,0.0,,0.0,1.6,,1.6,0.0,,0.0,5.0,,5.0,3.4,,3.4,0.0,,0.0,1.0,,1.0,881.0,,881.0,1
Action / Strategy / Brawler,False,0.0,0.0,0.0,0.0,0.0,0.0,-3.5,0.0,-3.5,0.0,0.0,0.0,0.0,0.0,0.0,3.5,0.0,3.5,0.0,0.0,0.0,0.0,0.0,0.0,3290.0,0.0,3290.0,2
Action / Strategy / Fighting / MOBA,False,0.0,,0.0,0.0,,0.0,1.9,,1.9,0.0,,0.0,5.0,,5.0,3.1,,3.1,0.0,,0.0,1.0,,1.0,577.0,,577.0,1
Action / Strategy / First-Person Shooter,False,33.33,0.0,33.33,0.06,0.0,0.06,0.1,0.0,0.1,3.0,0.0,3.0,4.3,0.0,4.3,4.2,0.0,4.2,1.0,0.0,1.0,3.0,0.0,3.0,1738.0,0.0,1738.0,2
Action / Strategy / RPG,False,50.0,70.71,50.0,0.04,0.06,0.04,-1.85,3.89,-1.85,2.5,3.54,2.5,2.5,3.54,2.5,4.35,0.35,4.35,0.5,0.71,0.5,0.5,0.71,0.5,608.5,716.3,608.5,2
Action / Strategy / RPG,True,0.0,,0.0,0.0,,0.0,-3.4,,-3.4,0.0,,0.0,0.0,,0.0,3.4,,3.4,0.0,,0.0,0.0,,0.0,156.0,,156.0,1
Action / Strategy / RPG / Simulation,False,30.0,,30.0,0.05,,0.05,0.6,,0.6,4.7,,4.7,4.9,,4.9,4.3,,4.3,3.0,,3.0,10.0,,10.0,5858.0,,5858.0,1
Action / Strategy / Real-Time Strategy,False,0.0,,0.0,0.0,,0.0,0.2,,0.2,0.0,,0.0,4.4,,4.4,4.2,,4.2,0.0,,0.0,5.0,,5.0,1008.0,,1008.0,1
Action / Strategy / Simulation / Flight Simulator,False,40.0,,40.0,0.13,,0.13,-1.5,,-1.5,1.0,,1.0,2.1,,2.1,3.6,,3.6,6.0,,6.0,15.0,,15.0,4625.0,,4625.0,1
Action-Adventure,False,23.58,26.35,19.35,0.11,0.18,0.06,-0.53,1.69,0.2,2.5,2.26,3.3,3.44,1.83,4.25,3.97,0.55,4.1,2.68,4.31,1.0,9.44,13.73,4.0,3422.88,5001.17,1644.0,170
Action-Adventure,True,18.91,15.81,20.89,0.14,0.23,0.06,0.12,0.89,0.1,2.71,2.08,3.8,4.08,0.81,4.3,3.96,0.52,4.1,9.46,14.12,4.0,37.02,56.2,15.0,11493.79,17916.52,2899.0,63
Action-Adventure / RPG / Brawler,False,25.0,,25.0,0.19,,0.19,-0.1,,-0.1,4.0,,4.0,4.2,,4.2,4.3,,4.3,2.0,,2.0,8.0,,8.0,1027.0,,1027.0,1
Action‑Adventure,False,20.39,18.63,33.33,0.4,0.37,0.59,0.38,0.69,0.0,2.86,2.63,4.3,4.66,0.25,4.7,4.28,0.57,4.6,1.6,2.51,1.0,6.0,6.24,3.0,1127.0,1361.72,886.0,5
Adventure,False,16.51,25.12,0.0,0.06,0.13,0.0,-0.82,2.02,0.1,2.01,2.33,0.0,3.2,2.09,4.3,4.02,0.51,4.1,1.87,4.03,0.0,7.84,16.27,2.0,5000.8,13580.28,1783.0,87
Adventure,True,30.1,19.93,27.27,0.14,0.11,0.07,0.28,0.42,0.4,4.42,0.92,5.0,4.51,0.53,4.6,4.23,0.35,4.3,6.53,11.31,3.0,26.53,41.71,11.0,7186.21,7711.2,4093.0,19
Adventure / Compilation / Puzzle,False,7.14,,7.14,0.04,,0.04,0.3,,0.3,5.0,,5.0,4.5,,4.5,4.2,,4.2,1.0,,1.0,14.0,,14.0,2850.0,,2850.0,1
Adventure / First-Person Shooter,False,30.36,0.0,30.36,0.09,0.0,0.09,0.2,0.0,0.2,4.8,0.0,4.8,4.8,0.0,4.8,4.6,0.0,4.6,17.0,0.0,17.0,56.0,0.0,56.0,19781.0,0.0,19781.0,2
Adventure / First-Person Shooter,True,27.27,,27.27,0.04,,0.04,0.3,,0.3,4.3,,4.3,4.4,,4.4,4.1,,4.1,3.0,,3.0,11.0,,11.0,8425.0,,8425.0,1
Adventure / Fishing,False,0.0,,0.0,0.0,,0.0,-0.3,,-0.3,0.0,,0.0,2.3,,2.3,2.6,,2.6,0.0,,0.0,6.0,,6.0,2346.0,,2346.0,1
Adventure / Flight Simulator,False,100.0,,100.0,0.51,,0.51,1.8,,1.8,5.0,,5.0,5.0,,5.0,3.2,,3.2,1.0,,1.0,1.0,,1.0,198.0,,198.0,1
Adventure / Minigame Collection,True,20.0,,20.0,0.01,,0.01,0.1,,0.1,5.0,,5.0,4.8,,4.8,4.7,,4.7,3.0,,3.0,15.0,,15.0,51953.0,,51953.0,1
Adventure / Platformer,False,33.33,25.82,50.0,0.13,0.15,0.07,-1.38,1.63,-1.0,1.57,1.71,1.0,2.9,1.54,3.0,4.28,0.25,4.3,1.33,1.37,1.0,2.83,2.56,2.0,1377.33,411.47,1434.0,6
Adventure / Platformer,True,15.38,,15.38,0.11,,0.11,0.5,,0.5,5.0,,5.0,5.0,,5.0,4.5,,4.5,2.0,,2.0,13.0,,13.0,1793.0,,1793.0,1
Adventure / Puzzle,False,18.06,34.42,0.0,0.07,0.19,0.0,-2.15,2.55,-3.55,1.17,2.12,0.0,1.94,2.42,0.0,4.09,0.47,4.25,0.58,1.24,0.0,1.42,2.39,0.0,2595.17,2984.85,1584.0,12
Adventure / Puzzle,True,50.0,,50.0,0.17,,0.17,1.1,,1.1,5.0,,5.0,5.0,,5.0,3.9,,3.9,1.0,,1.0,2.0,,2.0,574.0,,574.0,1
Adventure / Puzzle / Platformer,False,0.0,0.0,0.0,0.0,0.0,0.0,-4.45,0.07,-4.45,0.0,0.0,0.0,0.0,0.0,0.0,4.45,0.07,4.45,0.0,0.0,0.0,0.0,0.0,0.0,2716.5,655.49,2716.5,2
Adventure / RPG,False,27.75,44.51,0.0,0.16,0.29,0.0,-1.18,2.66,-0.4,1.27,2.09,0.0,2.92,2.2,4.1,4.1,0.71,4.45,4.25,11.22,0.0,5.5,11.22,1.0,2399.0,1699.63,2739.5,8
Adventure / RPG / Simulation,False,16.66,23.57,16.66,0.02,0.03,0.02,-0.35,2.05,-0.35,2.5,3.54,2.5,3.65,1.91,3.65,4.0,0.14,4.0,0.5,0.71,0.5,2.0,1.41,2.0,2222.5,54.45,2222.5,2
Adventure / Simulation,False,7.69,13.33,0.0,0.01,0.02,0.0,-0.63,2.05,-0.1,1.67,2.89,0.0,2.3,2.13,2.7,2.93,0.15,2.9,1.0,1.73,0.0,5.33,6.81,3.0,4167.0,3695.69,3230.0,3
Adventure / Simulation / Puzzle,False,0.0,,0.0,0.0,,0.0,0.4,,0.4,0.0,,0.0,4.0,,4.0,3.6,,3.6,0.0,,0.0,1.0,,1.0,1564.0,,1564.0,1
Arcade,False,0.0,0.0,0.0,0.0,0.0,0.0,-1.93,2.37,-3.3,0.0,0.0,0.0,1.67,2.89,0.0,3.6,0.52,3.3,0.0,0.0,0.0,0.67,1.15,0.0,5142.0,4243.52,7592.0,3
Baseball,False,100.0,0.0,100.0,0.03,0.0,0.03,1.7,0.0,1.7,5.0,0.0,5.0,5.0,0.0,5.0,3.3,0.0,3.3,1.0,0.0,1.0,1.0,0.0,1.0,3022.0,0.0,3022.0,2
Beat-'Em-Up ,False,0.0,,0.0,0.0,,0.0,0.0,,0.0,0.0,,0.0,3.3,,3.3,3.3,,3.3,0.0,,0.0,9.0,,9.0,1443.0,,1443.0,1
Beat-'Em-Up ,True,41.67,,41.67,0.27,,0.27,1.4,,1.4,3.4,,3.4,3.7,,3.7,2.3,,2.3,5.0,,5.0,12.0,,12.0,1833.0,,1833.0,1
Board,True,16.49,13.22,16.49,0.14,0.05,0.14,-0.75,1.2,-0.75,1.8,1.13,1.8,1.95,0.21,1.95,2.7,0.99,2.7,12.0,15.56,12.0,51.5,53.03,51.5,7340.5,8963.99,7340.5,2
Brawler,False,44.44,50.92,33.33,0.09,0.12,0.04,-1.13,2.92,0.5,2.8,2.48,3.7,3.1,2.69,4.6,4.23,0.25,4.2,2.0,1.73,3.0,4.0,4.58,3.0,3217.67,4169.74,1370.0,3
Brawler,True,18.16,11.0,22.22,0.07,0.08,0.03,0.27,0.21,0.2,4.37,0.55,4.1,4.33,0.4,4.4,4.07,0.47,3.9,12.67,18.48,2.0,57.33,62.56,35.0,12180.0,7961.59,9368.0,3
Brawler / Action-Adventure,False,4.1,5.62,0.0,4.1,5.62,0.0,-0.16,1.68,0.0,1.96,2.68,0.0,3.96,2.21,4.9,4.12,0.8,3.9,3.2,4.38,0.0,31.6,42.36,1.0,547.2,753.33,354.0,5
Brawler / Platformer / Action-Adventure,False,0.0,0.0,0.0,0.0,0.0,0.0,0.95,0.24,1.05,0.0,0.0,0.0,5.0,0.0,5.0,4.05,0.24,3.95,0.0,0.0,0.0,2.75,1.5,3.0,6313.25,6284.09,6468.5,4
Card Game,False,0.0,0.0,0.0,0.0,0.0,0.0,-0.7,2.88,-0.2,0.0,0.0,0.0,2.43,2.5,2.3,3.13,0.65,3.1,0.0,0.0,0.0,1.33,1.53,1.0,747.67,927.78,329.0,3
Card Game / Minigame Collection,True,22.56,,22.56,0.14,,0.14,0.2,,0.2,4.8,,4.8,4.9,,4.9,4.7,,4.7,2955.0,,2955.0,13096.0,,13096.0,2144670.0,,2144670.0,1
City‑building,False,0.0,,0.0,0.0,,0.0,-1.0,,-1.0,0.0,,0.0,0.0,,0.0,1.0,,1.0,0.0,,0.0,0.0,,0.0,2.0,,2.0,1
Compilation,False,33.33,51.64,0.0,0.03,0.04,0.0,-3.18,1.09,-3.25,0.67,1.03,0.0,1.17,1.33,1.0,4.35,0.35,4.55,0.33,0.52,0.0,0.5,0.55,0.5,606.67,496.46,351.0,6
Compilation,True,25.45,22.12,36.36,0.39,0.42,0.35,-0.13,0.67,0.2,2.33,2.52,2.0,3.8,0.79,3.5,3.93,0.81,4.4,3.33,4.16,2.0,9.67,10.79,5.0,3100.33,4041.06,967.0,3
Compilation / First-Person Shooter,False,43.34,33.0,43.34,0.14,0.15,0.14,-0.2,0.28,-0.2,3.95,1.34,3.95,4.05,0.49,4.05,4.25,0.21,4.25,8.5,9.19,8.5,39.0,50.91,39.0,27256.0,37387.56,27256.0,2
Compilation / Platformer,False,100.0,,100.0,0.26,,0.26,0.9,,0.9,5.0,,5.0,5.0,,5.0,4.1,,4.1,1.0,,1.0,1.0,,1.0,383.0,,383.0,1
Defense,True,0.0,,0.0,0.0,,0.0,0.4,,0.4,0.0,,0.0,4.1,,4.1,3.7,,3.7,0.0,,0.0,12.0,,12.0,215.0,,215.0,1
Driving/Racing,False,16.3,23.09,0.0,0.06,0.11,0.0,-1.1,2.1,-0.1,2.02,2.19,0.0,2.64,2.13,3.8,3.75,0.5,3.8,7.11,21.77,0.0,28.07,87.37,2.0,82750.7,389832.8,2310.0,27
Driving/Racing,True,25.7,8.59,25.0,0.15,0.06,0.17,0.46,0.09,0.5,4.12,0.52,4.3,4.2,0.82,4.3,3.74,0.74,3.8,6.6,4.51,4.0,27.2,21.32,19.0,4655.8,2681.53,5556.0,5
Driving/Racing / Action-Adventure / Platformer,False,33.33,,33.33,0.26,,0.26,0.4,,0.4,4.0,,4.0,4.7,,4.7,4.3,,4.3,4.0,,4.0,12.0,,12.0,1513.0,,1513.0,1
Driving/Racing / Platformer,False,0.0,0.0,0.0,0.0,0.0,0.0,-1.5,3.68,-1.5,0.0,0.0,0.0,2.5,3.54,2.5,4.0,0.14,4.0,0.0,0.0,0.0,0.5,0.71,0.5,125.0,22.63,125.0,2
Driving/Racing / Shooter / Vehicular Combat,False,25.61,,25.61,0.13,,0.13,0.0,,0.0,4.6,,4.6,4.5,,4.5,4.5,,4.5,21.0,,21.0,82.0,,82.0,16410.0,,16410.0,1
Driving/Racing / Simulation,False,28.57,,28.57,0.05,,0.05,-0.9,,-0.9,2.5,,2.5,3.1,,3.1,4.0,,4.0,2.0,,2.0,7.0,,7.0,3676.0,,3676.0,1
Driving/Racing / Simulation,True,27.59,,27.59,0.34,,0.34,0.9,,0.9,4.4,,4.4,4.4,,4.4,3.5,,3.5,8.0,,8.0,29.0,,29.0,2363.0,,2363.0,1
Driving/Racing / Vehicular Combat / Soccer,True,25.72,,25.72,0.12,,0.12,-0.9,,-0.9,2.8,,2.8,3.2,,3.2,4.1,,4.1,178.0,,178.0,692.0,,692.0,148048.0,,148048.0,1
Dual-Joystick Shooter,False,0.0,0.0,0.0,0.0,0.0,0.0,-2.48,2.73,-3.75,0.0,0.0,0.0,1.25,2.5,0.0,3.72,0.32,3.75,0.0,0.0,0.0,0.25,0.5,0.0,667.0,39.56,664.0,4
Dual-Joystick Shooter,True,33.33,0.0,33.33,0.01,0.0,0.01,-0.6,0.0,-0.6,5.0,0.0,5.0,3.0,0.0,3.0,3.6,0.0,3.6,1.0,0.0,1.0,3.0,0.0,3.0,19253.0,0.0,19253.0,2
Dual-Joystick Shooter / Platformer,False,0.0,0.0,0.0,0.0,0.0,0.0,-3.5,0.0,-3.5,0.0,0.0,0.0,0.0,0.0,0.0,3.5,0.0,3.5,0.0,0.0,0.0,0.0,0.0,0.0,469.0,0.0,469.0,2
Educational,False,50.0,,50.0,0.01,,0.01,-1.3,,-1.3,1.0,,1.0,3.0,,3.0,4.3,,4.3,1.0,,1.0,2.0,,2.0,6878.0,,6878.0,1
Fantasy / Post-Apocalyptic,False,38.89,,38.89,0.27,,0.27,0.1,,0.1,5.0,,5.0,4.8,,4.8,4.7,,4.7,7.0,,7.0,18.0,,18.0,2583.0,,2583.0,1
Fighting,False,31.28,25.98,27.5,0.16,0.17,0.1,0.11,0.99,0.2,2.61,2.05,2.1,4.14,1.04,4.45,4.04,0.47,4.0,2.76,4.68,1.0,10.0,23.68,4.0,3023.18,8869.0,1032.5,38
Fighting,True,26.67,,26.67,0.07,,0.07,0.6,,0.6,4.4,,4.4,4.7,,4.7,4.1,,4.1,8.0,,8.0,30.0,,30.0,11362.0,,11362.0,1
Fighting / Baseball,False,0.0,,0.0,0.0,,0.0,1.1,,1.1,0.0,,0.0,5.0,,5.0,3.9,,3.9,0.0,,0.0,2.0,,2.0,767.0,,767.0,1
Fighting / Puzzle / Platformer,False,0.0,,0.0,0.0,,0.0,0.8,,0.8,0.0,,0.0,5.0,,5.0,4.2,,4.2,0.0,,0.0,1.0,,1.0,1107.0,,1107.0,1
First-Person Shooter,False,29.13,30.87,22.5,0.11,0.14,0.07,-0.59,1.7,-0.05,2.77,2.17,3.35,3.59,1.8,4.45,4.19,0.65,4.45,8.17,21.8,2.0,29.06,80.51,7.0,8623.06,18571.08,2306.0,18
First-Person Shooter,True,25.23,16.14,27.8,0.09,0.07,0.08,-0.06,1.15,0.1,3.01,1.76,3.45,3.91,1.19,4.1,3.96,0.62,4.05,7.0,6.07,4.5,23.25,18.34,19.5,11232.0,18362.41,5210.0,16
First-Person Shooter / Action-Adventure,False,56.25,41.46,62.5,0.25,0.27,0.26,-0.85,1.72,-0.1,3.5,2.38,4.5,3.4,2.3,4.4,4.25,0.57,4.5,2.75,2.63,3.0,4.25,4.35,4.5,1542.25,1001.94,1046.5,4
First-Person Shooter / Action-Adventure,True,22.11,2.4,22.11,0.12,0.04,0.12,0.2,0.28,0.2,4.05,0.07,4.05,4.4,0.0,4.4,4.2,0.28,4.2,7.5,3.54,7.5,35.0,19.8,35.0,5816.5,1273.5,5816.5,2
First-Person Shooter / Vehicular Combat,True,12.5,,12.5,0.13,,0.13,0.5,,0.5,3.5,,3.5,4.8,,4.8,4.3,,4.3,2.0,,2.0,16.0,,16.0,1585.0,,1585.0,1
Fishing,False,0.0,,0.0,0.0,,0.0,-1.4,,-1.4,0.0,,0.0,2.0,,2.0,3.4,,3.4,0.0,,0.0,1.0,,1.0,720.0,,720.0,1
Flight Simulator,False,23.08,,23.08,0.33,,0.33,0.7,,0.7,4.2,,4.2,4.8,,4.8,4.1,,4.1,6.0,,6.0,26.0,,26.0,1836.0,,1836.0,1
Flight Simulator / Vehicular Combat,True,0.0,,0.0,0.0,,0.0,0.5,,0.5,0.0,,0.0,5.0,,5.0,4.5,,4.5,0.0,,0.0,2.0,,2.0,679.0,,679.0,1
Football,False,0.0,,0.0,0.0,,0.0,-3.2,,-3.2,0.0,,0.0,0.0,,0.0,3.2,,3.2,0.0,,0.0,0.0,,0.0,131.0,,131.0,1
Golf,False,0.0,,0.0,0.0,,0.0,-1.4,,-1.4,0.0,,0.0,1.5,,1.5,2.9,,2.9,0.0,,0.0,2.0,,2.0,1743.0,,1743.0,1
Horror,False,0.0,,0.0,0.0,,0.0,0.4,,0.4,0.0,,0.0,4.0,,4.0,3.6,,3.6,0.0,,0.0,2.0,,2.0,1243.0,,1243.0,1
MMORPG,False,0.0,,0.0,0.0,,0.0,-3.3,,-3.3,0.0,,0.0,0.0,,0.0,3.3,,3.3,0.0,,0.0,0.0,,0.0,600.0,,600.0,1
MOBA,False,28.57,,28.57,0.01,,0.01,-1.1,,-1.1,1.5,,1.5,2.7,,2.7,3.8,,3.8,2.0,,2.0,7.0,,7.0,24714.0,,24714.0,1
Metroidvania,False,6.25,12.5,0.0,0.02,0.04,0.0,0.98,0.39,1.1,1.25,2.5,0.0,4.88,0.25,5.0,3.9,0.16,3.9,0.25,0.5,0.0,3.25,1.5,4.0,6574.5,5977.68,6615.5,4
Minigame Collection,True,23.53,,23.53,0.37,,0.37,0.1,,0.1,4.5,,4.5,4.6,,4.6,4.5,,4.5,4.0,,4.0,17.0,,17.0,1093.0,,1093.0,1
Minigame Collection / Platformer,True,30.0,,30.0,0.01,,0.01,0.0,,0.0,4.8,,4.8,4.6,,4.6,4.6,,4.6,12.0,,12.0,40.0,,40.0,90928.0,,90928.0,1
Music/Rhythm,False,0.0,,0.0,0.0,,0.0,-4.4,,-4.4,0.0,,0.0,0.0,,0.0,4.4,,4.4,0.0,,0.0,0.0,,0.0,247.0,,247.0,1
Party,False,0.0,,0.0,0.0,,0.0,2.3,,2.3,0.0,,0.0,5.0,,5.0,2.7,,2.7,0.0,,0.0,1.0,,1.0,982.0,,982.0,1
Party,True,0.0,,0.0,0.0,,0.0,1.1,,1.1,0.0,,0.0,5.0,,5.0,3.9,,3.9,0.0,,0.0,1.0,,1.0,1573.0,,1573.0,1
Pinball,False,33.33,,33.33,0.1,,0.1,1.2,,1.2,5.0,,5.0,5.0,,5.0,3.8,,3.8,1.0,,1.0,3.0,,3.0,1018.0,,1018.0,1
Pinball / Action-Adventure,False,0.0,,0.0,0.0,,0.0,-3.7,,-3.7,0.0,,0.0,0.0,,0.0,3.7,,3.7,0.0,,0.0,0.0,,0.0,719.0,,719.0,1
Pinball / Platformer,False,0.0,0.0,0.0,0.0,0.0,0.0,-0.7,0.0,-0.7,0.0,0.0,0.0,4.0,0.0,4.0,4.7,0.0,4.7,0.0,0.0,0.0,4.0,0.0,4.0,1416.0,0.0,1416.0,4
Plaformer,True,0.0,,0.0,0.0,,0.0,0.7,,0.7,0.0,,0.0,5.0,,5.0,4.3,,4.3,0.0,,0.0,3.0,,3.0,1134.0,,1134.0,1
Platformer,False,27.88,27.46,22.22,0.08,0.12,0.07,-0.78,1.87,0.0,2.44,2.22,3.6,3.26,2.01,4.2,4.03,0.49,4.1,1.47,2.01,1.0,4.31,5.42,2.5,2164.56,1613.68,1668.5,36
Platformer,True,20.3,9.79,16.67,0.1,0.1,0.03,0.07,0.21,0.0,4.42,0.52,4.1,4.45,0.21,4.3,4.38,0.18,4.4,6.76,4.56,5.0,33.12,12.7,35.0,12348.35,6434.7,15674.0,17
Platformer / Action-Adventure,False,17.03,16.91,16.25,0.1,0.17,0.04,-0.46,1.59,0.05,2.81,2.42,3.75,3.51,1.92,4.25,3.97,0.47,4.05,3.5,6.48,1.0,12.12,21.32,6.0,3247.62,3943.13,1260.5,8
Platformer / Action-Adventure,True,28.01,13.48,24.62,0.13,0.12,0.1,0.26,0.36,0.2,4.53,0.5,4.7,4.64,0.11,4.7,4.39,0.41,4.5,21.43,33.96,14.0,84.43,134.17,33.0,15511.14,13787.91,12539.0,7
Platformer / Shoot 'Em Up,False,0.0,,0.0,0.0,,0.0,-4.1,,-4.1,0.0,,0.0,0.0,,0.0,4.1,,4.1,0.0,,0.0,0.0,,0.0,162.0,,162.0,1
Puzzle,False,18.78,30.7,0.0,0.04,0.08,0.0,-1.39,2.06,-0.3,1.32,2.01,0.0,2.39,2.2,3.4,3.78,0.54,4.0,0.87,1.8,0.0,2.42,4.64,1.0,1865.16,2068.6,1125.0,38
Puzzle,True,37.7,12.5,38.1,0.13,0.06,0.16,0.3,0.75,0.2,4.53,0.81,5.0,4.5,0.78,4.9,4.2,0.44,4.0,9.33,9.07,8.0,33.0,38.43,21.0,7856.67,6319.52,11100.0,3
Puzzle / Action-Adventure,False,0.0,0.0,0.0,0.0,0.0,0.0,-1.5,3.25,-1.5,0.0,0.0,0.0,2.4,3.39,2.4,3.9,0.14,3.9,0.0,0.0,0.0,2.0,2.83,2.0,1681.5,1033.08,1681.5,2
Puzzle / Block-Breaking,False,36.36,0.0,36.36,0.21,0.0,0.21,0.8,0.0,0.8,5.0,0.0,5.0,5.0,0.0,5.0,4.2,0.0,4.2,4.0,0.0,4.0,11.0,0.0,11.0,1887.0,0.0,1887.0,2
Puzzle / Pinball / Block-Breaking,False,0.0,,0.0,0.0,,0.0,-4.5,,-4.5,0.0,,0.0,0.0,,0.0,4.5,,4.5,0.0,,0.0,0.0,,0.0,120.0,,120.0,1
Puzzle / Platformer,False,5.69,15.26,0.0,0.01,0.02,0.0,-2.23,2.39,-3.4,0.65,1.72,0.0,1.83,2.37,0.0,4.06,0.42,4.2,0.47,1.55,0.0,1.53,4.32,0.0,2149.0,3596.65,678.0,15
Puzzle / Platformer,True,22.22,9.62,16.67,0.03,0.05,0.0,0.13,0.64,0.5,5.0,0.0,5.0,4.37,0.58,4.7,4.23,0.06,4.2,1.0,0.0,1.0,5.0,1.73,6.0,15600.0,12491.55,22812.0,3
Puzzle / Platformer / Action-Adventure,False,18.18,20.99,18.18,0.06,0.07,0.06,0.65,0.4,0.65,2.3,2.66,2.3,4.95,0.06,4.95,4.3,0.35,4.3,4.0,4.62,4.0,13.0,10.39,13.0,3779.5,3080.16,3779.5,4
Puzzle / Platformer / Action-Adventure,True,54.63,40.59,54.63,0.1,0.06,0.1,0.1,0.57,0.1,4.25,0.49,4.25,4.4,0.14,4.4,4.3,0.42,4.3,6.0,1.41,6.0,16.5,14.85,16.5,7526.5,5905.05,7526.5,2
RPG,False,13.05,18.01,0.0,0.07,0.1,0.0,-1.02,2.12,0.1,1.81,2.23,0.0,2.93,2.25,4.5,3.95,0.7,4.3,2.48,4.15,0.0,9.69,14.8,2.0,2357.66,4305.28,907.0,29
RPG,True,28.48,26.97,25.0,0.18,0.32,0.03,-0.04,1.28,0.3,2.83,2.0,3.0,3.9,1.31,4.5,3.94,0.52,3.9,3.79,7.92,1.0,12.97,26.94,4.0,3781.41,6555.3,948.0,29
RPG / Action-Adventure,False,25.7,31.19,18.7,0.17,0.34,0.02,-0.91,1.74,-0.4,1.81,1.94,1.0,2.98,1.88,4.0,3.89,0.57,4.1,2.0,2.45,1.0,6.36,8.12,4.0,5095.36,10801.42,1200.0,14
RPG / Action-Adventure,True,27.58,17.13,28.83,0.19,0.17,0.14,-0.57,1.75,0.05,3.47,1.8,4.0,3.63,1.82,4.35,4.2,0.18,4.25,13.33,10.44,13.0,42.83,38.38,29.0,7830.83,7603.72,4560.5,6
RPG / Brawler / Action-Adventure,False,37.3,26.12,28.57,0.19,0.13,0.19,0.77,0.42,0.9,4.5,0.87,5.0,4.63,0.64,5.0,3.87,0.25,3.9,1.67,0.58,2.0,5.33,2.08,6.0,1087.0,453.4,1054.0,3
RPG / Card Game,False,45.0,21.21,45.0,0.14,0.02,0.14,0.2,0.42,0.2,4.85,0.21,4.85,4.1,0.42,4.1,3.9,0.0,3.9,3.0,0.0,3.0,7.5,3.54,7.5,2277.0,395.98,2277.0,2
RPG / Card Game / Action-Adventure,False,35.29,,35.29,0.16,,0.16,0.3,,0.3,4.2,,4.2,4.7,,4.7,4.4,,4.4,6.0,,6.0,17.0,,17.0,3693.0,,3693.0,1
RPG / Dual-Joystick Shooter / Action-Adventure,False,0.0,,0.0,0.0,,0.0,0.7,,0.7,0.0,,0.0,5.0,,5.0,4.3,,4.3,0.0,,0.0,1.0,,1.0,1195.0,,1195.0,1
RPG / First-Person Shooter,False,26.67,23.09,40.0,0.11,0.09,0.16,-0.2,0.52,-0.5,2.0,1.73,3.0,4.03,0.4,3.8,4.23,0.12,4.3,1.33,1.15,2.0,4.0,1.73,5.0,1376.67,200.34,1261.0,3
RPG / First-Person Shooter,True,35.0,21.21,35.0,0.04,0.01,0.04,0.4,0.0,0.4,4.5,0.71,4.5,4.0,1.13,4.0,3.6,1.13,3.6,2.0,1.41,2.0,5.5,0.71,5.5,6967.0,6474.27,6967.0,2
RPG / First-Person Shooter / Action-Adventure,True,22.22,,22.22,0.05,,0.05,0.2,,0.2,4.8,,4.8,4.7,,4.7,4.5,,4.5,4.0,,4.0,18.0,,18.0,8095.0,,8095.0,1
RPG / Platformer / Action-Adventure,False,28.57,,28.57,0.06,,0.06,-0.2,,-0.2,3.0,,3.0,4.1,,4.1,4.3,,4.3,2.0,,2.0,7.0,,7.0,3156.0,,3156.0,1
RPG / Shooter,False,23.85,,23.85,0.22,,0.22,0.2,,0.2,4.8,,4.8,4.7,,4.7,4.5,,4.5,26.0,,26.0,109.0,,109.0,12010.0,,12010.0,1
RPG / Shooter,True,25.64,6.5,22.39,0.05,0.06,0.02,-1.18,0.35,-1.0,3.3,0.2,3.4,3.1,0.2,3.2,4.28,0.15,4.2,61.75,93.5,15.0,193.0,252.0,67.0,99062.25,24528.5,86798.0,4
RPG / Shooter / Action-Adventure,False,0.0,,0.0,0.0,,0.0,-4.1,,-4.1,0.0,,0.0,0.0,,0.0,4.1,,4.1,0.0,,0.0,0.0,,0.0,767.0,,767.0,1
RPG / Shooter / Compilation,False,23.85,,23.85,0.22,,0.22,0.2,,0.2,4.8,,4.8,4.7,,4.7,4.5,,4.5,26.0,,26.0,109.0,,109.0,12010.0,,12010.0,1
RPG / Simulation,False,0.0,,0.0,0.0,,0.0,1.2,,1.2,0.0,,0.0,5.0,,5.0,3.8,,3.8,0.0,,0.0,1.0,,1.0,1972.0,,1972.0,1
RPG / Simulation / Action-Adventure,True,34.34,,34.34,0.36,,0.36,0.0,,0.0,3.7,,3.7,3.8,,3.8,3.8,,3.8,34.0,,34.0,99.0,,99.0,9499.0,,9499.0,1
RPG / Simulation / First-Person Shooter,True,27.14,,27.14,0.14,,0.14,0.6,,0.6,3.8,,3.8,3.4,,3.4,2.8,,2.8,38.0,,38.0,140.0,,140.0,26988.0,,26988.0,1
RPG / Simulation / Fishing / Action-Adventure,True,34.44,,34.44,0.25,,0.25,-0.2,,-0.2,4.4,,4.4,4.5,,4.5,4.7,,4.7,31.0,,31.0,90.0,,90.0,12429.0,,12429.0,1
RPG/Strategy,False,0.0,0.0,0.0,0.0,0.0,0.0,1.9,0.0,1.9,0.0,0.0,0.0,5.0,0.0,5.0,3.1,0.0,3.1,0.0,0.0,0.0,1.0,0.0,1.0,2969.0,0.0,2969.0,2
Racing,False,24.73,30.57,18.18,0.1,0.2,0.01,-0.61,2.12,0.4,2.37,2.25,3.0,3.17,2.12,4.2,3.78,0.61,3.95,5.31,21.41,1.0,20.81,85.89,2.5,9077.42,21613.7,1116.0,26
Racing,True,34.09,27.21,35.48,0.08,0.09,0.07,-0.39,0.62,-0.4,2.61,1.66,3.5,3.09,1.05,3.2,3.49,0.53,3.6,3.94,4.22,3.0,13.94,18.18,8.0,5932.29,4617.5,4212.0,17
Real-Time Strategy,False,12.1,20.65,0.0,0.05,0.08,0.0,-0.67,1.71,0.2,1.57,2.43,0.0,3.03,2.38,4.1,3.7,0.73,3.9,1.5,2.81,0.0,7.0,12.0,2.5,1398.17,1782.94,700.0,6
Real-Time Strategy / Action-Adventure,True,43.9,,43.9,0.66,,0.66,0.1,,0.1,4.8,,4.8,4.8,,4.8,4.7,,4.7,18.0,,18.0,41.0,,41.0,2731.0,,2731.0,1
Sandbox,False,29.84,28.51,29.84,0.12,0.06,0.12,0.1,0.85,0.1,4.65,0.49,4.65,3.85,0.49,3.85,3.75,0.35,3.75,2.0,1.41,2.0,16.5,20.51,16.5,2254.0,2347.59,2254.0,2
Sandbox,True,18.56,7.0,18.56,0.03,0.02,0.03,0.5,0.23,0.5,5.0,0.0,5.0,4.75,0.06,4.75,4.25,0.17,4.25,9.0,8.08,9.0,40.5,28.29,40.5,27563.5,4734.85,27563.5,4
Shoot 'Em Up,False,75.0,35.36,75.0,0.15,0.04,0.15,-0.35,0.35,-0.35,3.5,0.71,3.5,3.75,1.06,3.75,4.1,0.71,4.1,1.0,0.0,1.0,1.5,0.71,1.5,690.0,189.5,690.0,2
Shoot 'Em Up,True,0.0,,0.0,0.0,,0.0,0.2,,0.2,0.0,,0.0,5.0,,5.0,4.8,,4.8,0.0,,0.0,1.0,,1.0,58.0,,58.0,1
Shooter,False,25.07,23.79,22.89,0.43,2.33,0.08,-0.2,1.34,0.0,2.7,2.07,3.0,3.86,1.42,4.3,4.06,0.51,4.1,4.19,11.64,2.0,15.64,47.36,6.0,4770.08,10255.15,1359.0,73
Shooter,True,23.43,8.98,22.91,0.08,0.1,0.04,-0.38,1.02,0.0,3.77,1.26,4.1,3.6,1.2,3.8,3.98,0.5,4.2,15.52,12.89,15.0,63.33,56.11,47.0,42585.15,42541.08,13038.0,27
Shooter / Action-Adventure,False,20.1,28.04,0.0,0.25,0.34,0.0,-0.62,2.05,0.1,1.74,2.38,0.0,3.72,2.11,4.4,4.34,0.34,4.3,6.8,10.23,0.0,15.8,22.66,5.0,1783.8,1033.32,1327.0,5
Shooter / Action-Adventure,True,23.08,,23.08,0.09,,0.09,0.4,,0.4,4.5,,4.5,4.5,,4.5,4.1,,4.1,6.0,,6.0,26.0,,26.0,6564.0,,6564.0,1
Shooter / Brawler / Action-Adventure,False,13.64,19.28,13.64,0.05,0.07,0.05,-2.25,2.9,-2.25,2.1,2.97,2.1,2.05,2.9,2.05,4.3,0.0,4.3,4.5,6.36,4.5,16.5,23.33,16.5,4903.5,6416.99,4903.5,2
Shooter / Compilation,False,0.0,,0.0,0.0,,0.0,0.6,,0.6,0.0,,0.0,5.0,,5.0,4.4,,4.4,0.0,,0.0,1.0,,1.0,6599.0,,6599.0,1
Shooter / First-Person Shooter,False,22.31,,22.31,0.09,,0.09,-0.1,,-0.1,3.2,,3.2,3.0,,3.0,3.1,,3.1,58.0,,58.0,260.0,,260.0,61524.0,,61524.0,1
Shooter / MOBA,False,0.0,,0.0,0.0,,0.0,0.5,,0.5,0.0,,0.0,5.0,,5.0,4.5,,4.5,0.0,,0.0,1.0,,1.0,390.0,,390.0,1
Shooter / Music/Rhythm,False,0.0,0.0,0.0,0.0,0.0,0.0,-2.2,0.0,-2.2,0.0,0.0,0.0,1.0,0.0,1.0,3.2,0.0,3.2,0.0,0.0,0.0,1.0,0.0,1.0,915.0,0.0,915.0,2
Shooter / Platformer / Action-Adventure,True,36.94,2.53,36.94,0.04,0.02,0.04,-0.2,0.35,-0.2,4.4,0.46,4.4,4.35,0.4,4.35,4.55,0.06,4.55,21.0,13.86,21.0,59.0,41.57,59.0,43196.0,11834.53,43196.0,4
Simulation,False,24.43,27.33,16.67,0.09,0.15,0.04,-0.57,1.63,0.3,1.9,2.1,1.0,3.18,1.8,4.0,3.75,0.35,3.7,1.46,1.96,1.0,4.32,4.64,3.0,2476.0,2927.33,1172.0,41
Simulation,True,17.34,11.73,16.78,0.14,0.15,0.12,0.14,0.49,0.05,3.14,1.96,3.95,4.14,0.87,4.5,4.01,0.59,4.1,6.86,7.44,4.0,30.43,27.94,23.0,8168.71,9578.9,5094.0,14
Simulation / Fighting / Boxing,False,33.94,,33.94,0.64,,0.64,0.4,,0.4,4.6,,4.6,4.2,,4.2,3.8,,3.8,37.0,,37.0,109.0,,109.0,5786.0,,5786.0,1
Simulation / First-Person Shooter,True,22.4,,22.4,0.6,,0.6,0.4,,0.4,4.0,,4.0,4.4,,4.4,4.0,,4.0,86.0,,86.0,384.0,,384.0,14361.0,,14361.0,1
Simulation / Flight Simulator,False,20.33,,20.33,0.06,,0.06,0.1,,0.1,3.4,,3.4,3.2,,3.2,3.1,,3.1,25.0,,25.0,123.0,,123.0,40018.0,,40018.0,1
Simulation / Music/Rhythm,False,0.0,,0.0,0.0,,0.0,1.9,,1.9,0.0,,0.0,5.0,,5.0,3.1,,3.1,0.0,,0.0,1.0,,1.0,249.0,,249.0,1
Skateboarding,False,6.48,12.96,0.0,0.03,0.06,0.0,-1.12,2.26,-1.4,1.02,2.05,0.0,2.4,2.78,2.3,3.52,0.77,3.35,3.5,7.0,0.0,13.75,26.84,0.5,3295.5,4803.6,1191.0,4
Soccer,False,11.11,19.24,0.0,0.04,0.06,0.0,1.63,0.74,1.9,1.67,2.89,0.0,4.67,0.58,5.0,3.03,0.21,3.1,0.33,0.58,0.0,2.67,1.53,3.0,1743.67,800.24,1795.0,3
Sports,False,13.73,31.66,0.0,0.25,1.03,0.0,-1.16,2.0,-1.7,0.86,1.72,0.0,1.89,2.1,0.75,3.06,0.69,3.0,0.55,1.23,0.0,4.1,10.26,0.5,1479.95,1341.82,1030.0,20
Sports,True,21.05,0.0,21.05,0.11,0.0,0.11,0.2,0.0,0.2,3.8,0.0,3.8,3.5,0.0,3.5,3.3,0.0,3.3,4.0,0.0,4.0,19.0,0.0,19.0,3578.0,0.0,3578.0,2
Sports / Baseball,False,16.66,23.57,16.66,0.06,0.08,0.06,1.0,1.41,1.0,2.5,3.54,2.5,4.0,1.41,4.0,3.0,0.0,3.0,0.5,0.71,0.5,2.0,1.41,2.0,1982.0,1521.69,1982.0,2
Sports / Basketball,False,0.0,0.0,0.0,0.0,0.0,0.0,-2.74,2.88,-3.8,0.0,0.0,0.0,1.0,2.24,0.0,3.74,0.84,3.8,0.0,0.0,0.0,0.2,0.45,0.0,3466.2,2779.65,4669.0,5
Sports / Cricket,False,0.0,,0.0,0.0,,0.0,-3.2,,-3.2,0.0,,0.0,0.0,,0.0,3.2,,3.2,0.0,,0.0,0.0,,0.0,1753.0,,1753.0,1
Sports / Driving/Racing,False,50.0,70.71,50.0,0.02,0.02,0.02,1.35,0.07,1.35,2.5,3.54,2.5,4.6,0.57,4.6,3.25,0.49,3.25,0.5,0.71,0.5,3.0,2.83,3.0,2111.5,1840.6,2111.5,2
Sports / Driving/Racing,True,26.47,,26.47,0.22,,0.22,0.6,,0.6,4.3,,4.3,4.4,,4.4,3.8,,3.8,27.0,,27.0,102.0,,102.0,12307.0,,12307.0,1
Sports / Driving/Racing / Simulation,False,33.33,,33.33,0.06,,0.06,0.4,,0.4,5.0,,5.0,4.3,,4.3,3.9,,3.9,1.0,,1.0,3.0,,3.0,1650.0,,1650.0,1
Sports / Fighting,False,6.25,12.5,0.0,0.01,0.02,0.0,-2.98,2.05,-4.0,0.75,1.5,0.0,0.55,1.1,0.0,3.52,0.95,4.0,0.75,1.5,0.0,3.0,6.0,0.0,10180.75,770.5,10566.0,4
Sports / Fishing,False,0.0,,0.0,0.0,,0.0,-2.9,,-2.9,0.0,,0.0,0.0,,0.0,2.9,,2.9,0.0,,0.0,0.0,,0.0,505.0,,505.0,1
Sports / Fishing,True,50.0,,50.0,0.2,,0.2,-0.1,,-0.1,3.5,,3.5,3.4,,3.4,3.5,,3.5,6.0,,6.0,12.0,,12.0,2958.0,,2958.0,1
Sports / Football,False,0.0,0.0,0.0,0.0,0.0,0.0,-1.8,2.21,-2.3,0.0,0.0,0.0,1.6,2.3,0.0,3.4,0.89,3.5,0.0,0.0,0.0,0.6,0.89,0.0,7797.8,8442.51,3029.0,5
Sports / Golf,False,100.0,,100.0,0.02,,0.02,1.5,,1.5,5.0,,5.0,5.0,,5.0,3.5,,3.5,1.0,,1.0,1.0,,1.0,5649.0,,5649.0,1
Sports / Hockey,False,0.0,0.0,0.0,0.0,0.0,0.0,-2.48,0.41,-2.3,0.0,0.0,0.0,0.0,0.0,0.0,2.48,0.41,2.3,0.0,0.0,0.0,0.0,0.0,0.0,1935.6,713.59,1879.0,5
Sports / Simulation / Soccer,False,0.0,,0.0,0.0,,0.0,-3.1,,-3.1,0.0,,0.0,0.0,,0.0,3.1,,3.1,0.0,,0.0,0.0,,0.0,1070.0,,1070.0,1
Sports / Snowboarding/Skiing,False,0.0,0.0,0.0,0.0,0.0,0.0,0.2,0.0,0.2,0.0,0.0,0.0,4.3,0.0,4.3,4.1,0.0,4.1,0.0,0.0,0.0,3.0,0.0,3.0,1030.0,0.0,1030.0,2
Sports / Snowboarding/Skiing,True,21.05,0.0,21.05,0.11,0.0,0.11,0.2,0.0,0.2,3.8,0.0,3.8,3.5,0.0,3.5,3.3,0.0,3.3,4.0,0.0,4.0,19.0,0.0,19.0,3578.0,0.0,3578.0,2
Sports / Soccer,False,50.0,50.0,50.0,0.11,0.18,0.01,-0.87,2.08,-1.7,2.0,2.65,1.0,2.0,2.65,1.0,2.87,1.01,3.4,1.0,1.0,1.0,1.67,2.08,1.0,9783.67,9198.75,9706.0,3
Stealth,False,12.5,25.0,0.0,0.02,0.05,0.0,-2.38,2.45,-3.6,1.25,2.5,0.0,1.25,2.5,0.0,3.62,0.05,3.6,0.25,0.5,0.0,0.5,1.0,0.0,595.25,344.5,423.0,4
Strategy,False,17.62,33.3,0.0,0.06,0.13,0.0,-0.94,1.93,-0.5,1.32,2.12,0.0,2.8,2.22,3.65,3.74,0.82,4.0,0.75,1.71,0.0,3.25,8.05,1.0,2656.98,7008.63,915.5,60
Strategy,True,20.38,10.54,22.21,0.24,0.48,0.08,0.3,0.47,0.2,3.1,1.68,3.5,3.88,0.42,3.8,3.58,0.35,3.6,5.17,11.08,2.0,24.58,47.59,11.0,5863.08,10189.17,2577.0,12
Strategy / Adventure,False,32.6,22.26,40.2,0.36,0.4,0.31,0.15,0.5,0.2,3.12,2.24,3.8,4.6,0.55,4.8,4.45,0.17,4.45,17.25,18.79,17.5,43.0,46.93,41.5,3497.0,2129.6,3272.0,4
Strategy / Adventure / Simulation,False,0.0,0.0,0.0,0.0,0.0,0.0,-0.25,0.07,-0.25,0.0,0.0,0.0,3.5,0.71,3.5,3.75,0.78,3.75,0.0,0.0,0.0,1.0,0.0,1.0,467.0,651.95,467.0,2
Strategy / Card Game,False,0.0,0.0,0.0,0.0,0.0,0.0,-3.47,0.61,-3.6,0.0,0.0,0.0,0.0,0.0,0.0,3.47,0.61,3.6,0.0,0.0,0.0,0.0,0.0,0.0,395.67,452.96,158.0,3
Strategy / Card Game,True,25.0,,25.0,0.11,,0.11,0.2,,0.2,5.0,,5.0,4.7,,4.7,4.5,,4.5,3.0,,3.0,12.0,,12.0,2793.0,,2793.0,1
Strategy / Puzzle,False,50.0,70.71,50.0,0.12,0.16,0.12,-0.9,2.83,-0.9,0.5,0.71,0.5,2.75,2.47,2.75,3.65,0.35,3.65,0.5,0.71,0.5,22.5,30.41,22.5,2724.0,3234.31,2724.0,2
Strategy / Puzzle / Music/Rhythm,False,66.67,,66.67,0.4,,0.4,1.4,,1.4,4.5,,4.5,4.7,,4.7,3.3,,3.3,2.0,,2.0,3.0,,3.0,504.0,,504.0,1
Strategy / Puzzle / Platformer,False,0.0,0.0,0.0,0.0,0.0,0.0,-3.5,0.0,-3.5,0.0,0.0,0.0,0.0,0.0,0.0,3.5,0.0,3.5,0.0,0.0,0.0,0.0,0.0,0.0,1104.0,0.0,1104.0,2
Strategy / RPG,False,10.91,21.56,0.0,0.03,0.05,0.0,-2.07,2.26,-3.3,1.36,2.34,0.0,1.85,2.29,0.0,3.92,0.55,3.8,0.36,0.67,0.0,1.18,1.72,0.0,1104.73,903.22,805.0,11
Strategy / RPG,True,18.75,12.5,25.0,0.04,0.05,0.02,-0.13,1.99,0.8,2.75,2.63,3.0,2.85,1.98,3.6,2.98,0.39,3.15,0.75,0.5,1.0,3.0,2.0,4.0,2804.0,2280.78,2853.0,4
Strategy / RPG / Action-Adventure,False,10.52,14.88,10.52,0.16,0.23,0.16,-1.7,2.12,-1.7,2.5,3.54,2.5,1.65,2.33,1.65,3.35,0.21,3.35,2.0,2.83,2.0,9.5,13.44,9.5,1087.0,216.37,1087.0,2
Strategy / RPG / Card Game,False,0.0,,0.0,0.0,,0.0,1.7,,1.7,0.0,,0.0,5.0,,5.0,3.3,,3.3,0.0,,0.0,1.0,,1.0,782.0,,782.0,1
Strategy / RPG / Football,False,0.0,,0.0,0.0,,0.0,-2.5,,-2.5,0.0,,0.0,1.0,,1.0,3.5,,3.5,0.0,,0.0,1.0,,1.0,1640.0,,1640.0,1
Strategy / RPG / Real-Time Strategy,False,0.0,,0.0,0.0,,0.0,-3.0,,-3.0,0.0,,0.0,0.0,,0.0,3.0,,3.0,0.0,,0.0,0.0,,0.0,284.0,,284.0,1
Strategy / Real-Time Strategy,False,37.14,46.8,0.0,0.17,0.22,0.0,-2.07,2.27,-3.0,2.07,2.59,0.0,2.07,2.59,0.0,4.14,0.57,4.3,1.43,1.9,0.0,1.71,2.36,0.0,643.86,329.67,849.0,7
Strategy / Shooter,False,20.0,0.0,20.0,0.1,0.0,0.1,0.6,0.0,0.6,5.0,0.0,5.0,5.0,0.0,5.0,4.4,0.0,4.4,1.0,0.0,1.0,5.0,0.0,5.0,1002.0,0.0,1002.0,2
Strategy / Shooter / Action-Adventure,True,25.0,,25.0,0.01,,0.01,-0.5,,-0.5,5.0,,5.0,4.0,,4.0,4.5,,4.5,1.0,,1.0,4.0,,4.0,6791.0,,6791.0,1
Strategy / Simulation,False,17.8,31.34,0.0,0.08,0.22,0.0,-0.41,1.46,0.15,1.43,2.13,0.0,3.68,1.32,4.2,4.09,0.26,4.05,0.79,1.42,0.0,4.0,2.75,3.5,4178.57,3940.62,3154.0,14
Strategy / Simulation,True,13.25,16.28,9.84,0.06,0.07,0.04,0.57,0.33,0.7,2.35,2.72,2.2,4.88,0.25,5.0,4.3,0.12,4.3,6.25,11.84,0.5,31.75,60.17,2.0,7802.0,14103.36,768.0,4
Strategy / Sports / Simulation / Baseball,False,0.0,,0.0,0.0,,0.0,-3.5,,-3.5,0.0,,0.0,0.0,,0.0,3.5,,3.5,0.0,,0.0,0.0,,0.0,103.0,,103.0,1
Survival,False,36.57,21.16,50.0,0.15,0.18,0.12,-0.43,1.59,0.0,4.14,1.86,5.0,3.51,1.66,4.0,3.94,0.25,4.0,2.43,3.41,1.0,6.14,7.84,4.0,2197.86,1814.68,1678.0,7
Survival,True,15.38,0.0,15.38,0.03,0.0,0.03,0.1,0.0,0.1,4.5,0.0,4.5,3.8,0.0,3.8,3.7,0.0,3.7,2.0,0.0,2.0,13.0,0.0,13.0,6208.0,0.0,6208.0,2
Tower Defense,False,0.0,0.0,0.0,0.0,0.0,0.0,1.4,0.0,1.4,0.0,0.0,0.0,5.0,0.0,5.0,3.6,0.0,3.6,0.0,0.0,0.0,2.0,0.0,2.0,1302.0,0.0,1302.0,2
Trivia,True,12.5,,12.5,0.63,,0.63,-0.5,,-0.5,1.3,,1.3,1.9,,1.9,2.4,,2.4,3.0,,3.0,24.0,,24.0,476.0,,476.0,1
Trivia/Board Game / Minigame Collection,False,0.0,0.0,0.0,0.0,0.0,0.0,0.13,2.71,1.7,0.0,0.0,0.0,3.33,2.89,5.0,3.2,0.17,3.3,0.0,0.0,0.0,0.67,0.58,1.0,444.33,205.99,428.0,3
Vehicular Combat / Shooter / Real-Time Strategy,False,0.0,0.0,0.0,0.0,0.0,0.0,0.9,0.52,0.6,0.0,0.0,0.0,5.0,0.0,5.0,4.1,0.52,4.4,0.0,0.0,0.0,2.0,0.0,2.0,288.33,11.55,295.0,3
