publisher,has_gamepass_remediation,momentum_mean,discovery_capture_mean,quality_retention_mean,rating_7_days_avg_mean,rating_7_days_avg_std,rating_7_days_avg_median,rating_30_days_avg_mean,rating_30_days_avg_std,rating_30_days_avg_median,rating_alltime_avg_mean,rating_alltime_avg_std,rating_alltime_avg_median,rating_7_days_count_mean,rating_7_days_count_std,rating_7_days_count_median,rating_30_days_count_mean,rating_30_days_count_std,rating_30_days_count_median,rating_alltime_count_mean,rating_alltime_count_std,rating_alltime_count_median,has_gamepass_remediation_sum,title_count
Art Games Studio S.A.,False,100.0,1.12,-1.1,2.0,,2.0,2.0,,2.0,3.1,,3.1,1.0,,1.0,1.0,,1.0,89.0,,89.0,0.0,1.0
10tons Ltd.,False,0.0,0.0,-4.1,0.0,0.0,0.0,0.0,0.0,0.0,4.1,0.424,4.1,0.0,0.0,0.5555555555555556,
13AM Games,False,0.0,0.0,-2.6,0.0,,0.0,0.0,,0.0,2.6,,2.6,0.0,,0.0,0.0,,0.0,1759.0,,1759.0,0.0,1.0
2K,False,24.393,0.939,-0.327,2.055,2.397,0.0,3.345,1.796,3.8,3.673,0.77,3.5,1.818,2.786,0.0,7.727,11.9,2.0,5578.727,7112.015,3452.0,0.0,11.0
2K Games,False,30.476,0.19,-0.064,2.643,2.205,3.0,4.4,0.467,4.3,4.464,0.134,4.5,2.143,2.07,2.0,6.357,2.468,6.0,3122.071,2936.314,1261.0,0.0,14.0
505 Games,False,32.11,0.132,-0.671,2.39,2.385,3.0,3.486,2.074,4.6,4.157,0.443,4.3,3.524,10.112,1.0,9.19,29.659,2.0,2816.905,2302.285,1884.0,0.0,21.0
505 Games,True,28.579,0.277,0.257,4.7,0.451,5.0,4.457,0.382,4.7,4.2,0.412,4.4,13.429,3.952,16.0,49.571,19.303,65.0,19445.857,15333.736,31664.0,7.0,7.0
"8-4, Ltd.",False,25.53,0.16,0.3,4.4,,4.4,4.8,,4.8,4.5,,4.5,12.0,,12.0,47.0,,47.0,7554.0,,7554.0,0.0,1.0
ARC SYSTEM WORKS,False,0.0,0.0,-1.65,0.0,0.0,0.0,2.5,3.536,2.5,4.15,0.071,4.15,0.0,0.0,0.0,0.5,0.707,0.5,537.5,736.098,537.5,0.0,2.0
Accelerate Games,False,0.0,0.0,1.5,0.0,,0.0,5.0,,5.0,3.5,,3.5,0.0,,0.0,2.0,,2.0,275.0,,275.0,0.0,1.0
Activision,False,14.217,0.09,-1.0,2.833,2.515,3.7,2.733,2.419,3.6,3.733,0.473,3.9,12.0,18.248,3.0,49.667,71.808,17.0,7845.667,10832.0,2628.0,0.0,3.0
Activision,True,37.74,0.29,0.4,4.85,0.212,4.85,4.1,0.141,4.1,3.7,0.283,3.7,10.5,0.707,10.5,28.0,4.243,28.0,3745.5,815.294,3745.5,2.0,2.0
Activision Publishing Inc.,False,52.94,0.4,0.0,2.7,,2.7,2.3,,2.3,2.3,,2.3,9.0,,9.0,17.0,,17.0,2266.0,,2266.0,0.0,1.0
Activision Publishing Inc.,True,11.25,0.615,-0.4,1.6,1.876,1.4,3.025,1.658,3.05,3.425,0.822,3.45,45.0,57.102,30.5,250.75,375.647,103.0,12646.25,22528.99,1953.0,4.0,4.0
Adult Swim Games,False,0.0,0.0,-4.0,0.0,0.0,0.0,0.0,0.0,0.0,4.0,0.6,4.3,0.0,0.0,0.0,0.0,0.0,0.0,360.8,258.605,329.0,0.0,5.0
Aggro Crab,True,31.11,0.22,0.0,4.4,,4.4,4.1,,4.1,4.1,,4.1,14.0,,14.0,45.0,,45.0,6490.0,,6490.0,1.0,1.0
Alliance Digital Media,False,0.0,0.0,-3.1,0.0,,0.0,0.0,,0.0,3.1,,3.1,0.0,,0.0,0.0,,0.0,186.0,,186.0,0.0,1.0
Amanita Design s.r.o.,False,33.335,0.325,-2.5,2.0,2.828,2.0,2.15,3.041,2.15,4.65,0.071,4.65,1.0,1.414,1.0,1.5,2.121,1.5,231.5,111.016,231.5,0.0,2.0
Amplitude STUDIOS,False,0.0,0.0,-2.8,0.0,,0.0,0.0,,0.0,2.8,,2.8,0.0,,0.0,0.0,,0.0,358.0,,358.0,0.0,1.0
Annapurna Interactive,False,25.871,0.021,-0.76,2.46,2.596,2.3,3.44,2.375,4.8,4.2,0.523,4.25,1.7,3.401,0.5,7.7,15.29,1.0,5613.7,3640.351,5933.5,0.0,10.0
Annapurna Interactive,True,37.5,0.235,-0.45,3.1,0.424,3.1,3.55,0.636,3.55,4.0,0.566,4.0,6.5,0.707,6.5,20.0,11.314,20.0,2979.0,1052.175,2979.0,2.0,2.0
Another Indie,False,100.0,0.12,-1.8,1.0,,1.0,1.0,,1.0,2.8,,2.8,1.0,,1.0,1.0,,1.0,850.0,,850.0,0.0,1.0
Another Indie Studio,False,0.0,0.0,-3.0,0.0,,0.0,0.0,,0.0,3.0,,3.0,0.0,,0.0,0.0,,0.0,145.0,,145.0,0.0,1.0
Arc Games,False,9.828,0.022,-0.24,1.98,2.711,0.0,3.28,2.022,4.3,3.52,0.526,3.7,1.8,3.033,0.0,8.2,12.029,3.0,4059.8,3846.336,1960.0,0.0,5.0
Aspyr,False,16.667,0.047,-1.3,3.333,2.887,5.0,2.533,2.194,3.8,3.833,0.981,4.4,0.667,0.577,1.0,2.667,2.309,4.0,1119.0,708.409,1528.0,0.0,3.0
Aspyr Media,False,16.667,0.085,-3.2,0.833,2.041,0.0,0.833,2.041,0.0,4.033,0.455,4.3,0.167,0.408,0.0,0.167,0.408,0.0,1184.5,490.947,1425.0,0.0,6.0
Asteroid Base Inc.,False,33.33,0.04,0.8,5.0,,5.0,5.0,,5.0,4.2,,4.2,1.0,,1.0,3.0,,3.0,2511.0,,2511.0,0.0,1.0
Asymmetric Publications,False,100.0,0.65,-3.5,1.0,,1.0,1.0,,1.0,4.5,,4.5,1.0,,1.0,1.0,,1.0,153.0,,153.0,0.0,1.0
"Atari, Digital Eclipse",False,0.0,0.0,-3.3,0.0,0.0,0.0,0.0,0.0,0.0,3.3,0.0,3.3,0.0,0.0,0.0,0.0,0.0,0.0,7592.0,0.0,7592.0,0.0,4.0
Avalanche Studios,True,38.947,0.327,0.3,3.867,0.321,4.0,3.967,0.513,4.1,3.667,0.289,3.5,36.0,43.589,16.0,144.0,208.192,36.0,8787.333,5705.798,9043.0,3.0,3.0
Awaken Realms Digital,False,60.0,0.15,-0.1,4.7,,4.7,3.8,,3.8,3.9,,3.9,3.0,,3.0,5.0,,5.0,1997.0,,1997.0,0.0,1.0
BANDAI NAMCO Entertainment,False,39.271,0.125,0.288,4.225,1.344,4.7,4.188,0.429,4.05,3.9,0.566,3.9,5.125,6.728,3.0,16.375,22.765,9.0,5593.0,8741.472,2802.0,0.0,8.0
BANDAI NAMCO Entertainment America Inc.,False,43.867,0.163,0.233,4.4,0.173,4.5,4.467,0.208,4.4,4.233,0.252,4.2,4.667,3.055,4.0,13.0,9.539,14.0,3391.333,2261.045,3687.0,0.0,3.0
BANDAI NAMCO Entertainment Inc.,False,18.27,0.148,-0.45,2.3,2.676,2.1,3.7,2.468,4.9,4.15,0.342,4.2,1.75,2.872,0.5,7.25,12.527,1.5,719.0,761.725,453.0,0.0,4.0
Bandai Namco Entertainment America Inc.,False,6.25,0.005,-2.05,1.0,2.0,0.0,1.7,2.272,1.0,3.75,0.823,3.8,0.25,0.5,0.0,1.25,1.893,0.5,1522.75,1734.762,1016.0,0.0,4.0
Bandai Namco Entertainment America Inc.,True,30.77,0.14,0.6,4.8,,4.8,4.4,,4.4,3.8,,3.8,4.0,,4.0,13.0,,13.0,2908.0,,2908.0,1.0,1.0
Bandai Namco Entertainment Inc.,False,44.44,0.11,0.2,4.0,,4.0,3.3,,3.3,3.1,,3.1,4.0,,4.0,9.0,,9.0,3621.0,,3621.0,0.0,1.0
Beam Team Publishing,False,23.08,0.04,1.1,5.0,,5.0,4.2,,4.2,3.1,,3.1,3.0,,3.0,13.0,,13.0,8241.0,,8241.0,0.0,1.0
Beamdog,True,21.43,0.39,-0.8,2.7,0.0,2.7,3.1,0.0,3.1,3.9,0.0,3.9,3.0,0.0,3.0,14.0,0.0,14.0,772.0,0.0,772.0,3.0,3.0
Bedtime Digital Games,False,0.0,0.0,-1.8,0.0,0.0,0.0,2.4,3.394,2.4,4.2,0.283,4.2,0.0,0.0,0.0,2.0,2.828,2.0,1125.0,246.073,1125.0,0.0,2.0
Behaviour Interactive Inc.,True,32.04,0.3,-0.2,3.1,,3.1,3.1,,3.1,3.3,,3.3,91.0,,91.0,284.0,,284.0,30220.0,,30220.0,1.0,1.0
Bethesda Softworks,False,0.0,0.0,-3.967,0.0,0.0,0.0,0.0,0.0,0.0,3.967,1.041,4.3,0.0,0.0,0.0,0.0,0.0,0.0,355.0,540.226,85.0,0.0,3.0
Bethesda Softworks,True,27.419,0.131,-0.459,3.081,1.812,3.8,3.578,1.62,4.2,4.037,0.608,4.3,11.281,35.639,3.0,35.75,101.19,12.5,9455.906,24291.923,2557.0,32.0,32.0
Big Ant Studios,False,0.0,0.0,-3.1,0.0,,0.0,0.0,,0.0,3.1,,3.1,0.0,,0.0,0.0,,0.0,523.0,,523.0,0.0,1.0
Big Ant Studios PTY,False,0.0,0.0,-4.0,0.0,,0.0,0.0,,0.0,4.0,,4.0,0.0,,0.0,0.0,,0.0,1609.0,,1609.0,0.0,1.0
Big Cheese Studio,True,30.0,0.13,-0.3,1.3,,1.3,2.5,,2.5,2.8,,2.8,3.0,,3.0,10.0,,10.0,2365.0,,2365.0,1.0,1.0
Big Sugar Games,False,0.0,0.0,-3.0,0.0,,0.0,0.0,,0.0,3.0,,3.0,0.0,,0.0,0.0,,0.0,1268.0,,1268.0,0.0,1.0
Bigben,False,50.0,0.07,2.6,5.0,,5.0,5.0,,5.0,2.4,,2.4,1.0,,1.0,2.0,,2.0,1416.0,,1416.0,0.0,1.0
Bigben Interactive,False,15.0,0.014,-1.1,0.6,1.578,0.0,2.23,1.769,2.0,3.33,0.704,3.55,0.2,0.422,0.0,1.1,0.876,1.0,1556.5,737.557,1767.0,0.0,10.0
Billy Goat Entertainment Ltd,False,0.0,0.0,-3.3,0.0,,0.0,0.0,,0.0,3.3,,3.3,0.0,,0.0,0.0,,0.0,485.0,,485.0,0.0,1.0
Bitmap Bureau Ltd.,False,0.0,0.0,-3.5,0.0,,0.0,0.0,,0.0,3.5,,3.5,0.0,,0.0,0.0,,0.0,695.0,,695.0,0.0,1.0
Black Forest Games GmbH,False,66.67,0.11,1.2,5.0,0.0,5.0,5.0,0.0,5.0,3.8,0.0,3.8,2.0,0.0,2.0,3.0,0.0,3.0,1903.0,0.0,1903.0,0.0,2.0
BlackMill Games ,False,30.77,0.12,0.8,4.8,,4.8,4.4,,4.4,3.6,,3.6,4.0,,4.0,13.0,,13.0,3345.0,,3345.0,0.0,1.0
Blackbird Interactive,False,20.0,0.05,1.2,5.0,,5.0,5.0,,5.0,3.8,,3.8,1.0,,1.0,5.0,,5.0,1987.0,,1987.0,0.0,1.0
Blizzard Entertainment,False,29.9,10.02,0.1,3.5,0.707,3.5,4.3,0.0,4.3,4.2,0.566,4.2,5.0,5.657,5.0,18.5,21.92,18.5,11175.0,15796.765,11175.0,0.0,2.0
Blizzard Entertainment,True,40.0,0.35,0.2,2.0,,2.0,3.2,,3.2,3.0,,3.0,2.0,,2.0,5.0,,5.0,573.0,,573.0,1.0,1.0
Bloober Team NA,False,60.0,0.04,0.0,2.7,,2.7,3.4,,3.4,3.4,,3.4,3.0,,3.0,5.0,,5.0,6839.0,,6839.0,0.0,1.0
Bloober Team S.A.,False,26.47,0.01,0.1,4.9,,4.9,4.6,,4.6,4.5,,4.5,9.0,,9.0,34.0,,34.0,122037.0,,122037.0,0.0,1.0
Blue Sunset Games,False,0.0,0.0,-3.5,0.0,,0.0,0.0,,0.0,3.5,,3.5,0.0,,0.0,0.0,,0.0,64.0,,64.0,0.0,1.0
Bohemia Interactive a.s.,True,27.14,0.14,0.6,3.8,,3.8,3.4,,3.4,2.8,,2.8,38.0,,38.0,140.0,,140.0,26988.0,,26988.0,1.0,1.0
Boneloaf,True,26.56,0.16,0.5,4.1,,4.1,4.4,,4.4,3.9,,3.9,34.0,,34.0,128.0,,128.0,21166.0,,21166.0,1.0,1.0
Born Ready Games,False,0.0,0.0,-2.7,0.0,,0.0,0.0,,0.0,2.7,,2.7,0.0,,0.0,0.0,,0.0,5859.0,,5859.0,0.0,1.0
Bossa Studios,False,53.33,0.05,-2.0,1.8,,1.8,1.5,,1.5,3.5,,3.5,8.0,,8.0,15.0,,15.0,15818.0,,15818.0,0.0,1.0
Brave At Night,False,0.0,0.0,-3.2,0.0,,0.0,0.0,,0.0,3.2,,3.2,0.0,,0.0,0.0,,0.0,508.0,,508.0,0.0,1.0
Broken Rules,False,0.0,0.0,1.3,0.0,,0.0,5.0,,5.0,3.7,,3.7,0.0,,0.0,2.0,,2.0,1451.0,,1451.0,0.0,1.0
Bulkhead Interactive,False,0.0,0.0,-0.2,0.0,0.0,0.0,4.0,0.0,4.0,4.2,0.0,4.2,0.0,0.0,0.0,1.0,0.0,1.0,3158.0,0.0,3158.0,0.0,4.0
Butterscotch Shenanigans,False,100.0,0.18,1.3,5.0,,5.0,5.0,,5.0,3.7,,3.7,1.0,,1.0,1.0,,1.0,543.0,,543.0,0.0,1.0
CAPCOM,False,0.0,0.0,-4.5,0.0,,0.0,0.0,,0.0,4.5,,4.5,0.0,,0.0,0.0,,0.0,291.0,,291.0,0.0,1.0
"CAPCOM CO,. LTD.",False,43.48,0.53,0.1,4.0,,4.0,4.4,,4.4,4.3,,4.3,10.0,,10.0,23.0,,23.0,1877.0,,1877.0,0.0,1.0
"CAPCOM CO., LTD.",False,33.769,1.508,-0.511,3.411,1.934,4.1,3.779,1.633,4.4,4.289,0.515,4.3,7.158,11.819,2.0,20.789,36.89,9.0,2707.789,4491.515,549.0,0.0,19.0
"CAPCOM Co., Ltd.",False,25.0,0.09,-0.4,1.0,0.0,1.0,4.0,0.0,4.0,4.4,0.0,4.4,1.0,0.0,1.0,4.0,0.0,4.0,1091.0,0.0,1091.0,0.0,4.0
CD PROJEKT RED,False,52.5,0.152,-0.12,4.6,0.894,5.0,3.84,0.358,4.0,3.96,0.089,4.0,2.6,1.342,2.0,4.8,1.789,4.0,1703.0,55.902,1678.0,0.0,5.0
Campo Santo,True,27.62,0.22,0.1,4.9,,4.9,4.7,,4.7,4.6,,4.6,50.0,,50.0,181.0,,181.0,23150.0,,23150.0,1.0,1.0
Capcom,False,28.702,0.345,0.617,4.167,2.041,5.0,4.883,0.24,5.0,4.267,0.197,4.3,1.333,1.366,1.0,4.5,3.564,3.0,1318.333,1428.597,616.5,0.0,6.0
"Capcom Co., LTD.",False,20.0,0.04,1.0,5.0,,5.0,5.0,,5.0,4.0,,4.0,1.0,,1.0,5.0,,5.0,2844.0,,2844.0,0.0,1.0
"Capcom Entertainment, Inc.",False,40.0,0.4,-2.12,0.8,0.447,1.0,1.56,0.313,1.7,3.68,0.045,3.7,2.4,1.342,3.0,5.0,2.236,6.0,499.8,212.874,595.0,0.0,5.0
"Capcom U.S.A., Inc",False,54.444,0.356,-0.44,3.72,0.716,3.4,3.76,0.537,4.0,4.2,0.0,4.2,4.4,1.342,5.0,8.2,0.447,8.0,1372.4,385.498,1200.0,0.0,5.0
Capy,False,0.0,0.0,-2.5,0.0,,0.0,1.0,,1.0,3.5,,3.5,0.0,,0.0,1.0,,1.0,790.0,,790.0,0.0,1.0
Cellar Door Games,False,66.67,0.31,1.1,5.0,,5.0,5.0,,5.0,3.9,,3.9,2.0,,2.0,3.0,,3.0,651.0,,651.0,0.0,1.0
Chainsawesome Games,False,100.0,0.02,1.6,5.0,0.0,5.0,5.0,0.0,5.0,3.4,0.0,3.4,1.0,0.0,1.0,1.0,0.0,1.0,4888.0,0.0,4888.0,0.0,4.0
Cherry Pop Games,False,0.0,0.0,-2.9,0.0,,0.0,0.0,,0.0,2.9,,2.9,0.0,,0.0,0.0,,0.0,5113.0,,5113.0,0.0,1.0
Chorus Worldwide Games,False,0.0,0.0,0.26,0.0,0.0,0.0,4.2,1.789,5.0,3.94,0.358,4.1,0.0,0.0,0.0,4.2,1.789,5.0,4995.4,2454.308,6093.0,0.0,5.0
Chromatic Games,False,0.0,0.0,-0.4,0.0,,0.0,3.0,,3.0,3.4,,3.4,0.0,,0.0,2.0,,2.0,468.0,,468.0,0.0,1.0
Chucklefish,False,16.666,0.058,-1.3,0.84,1.878,0.0,2.36,2.156,3.8,3.66,0.527,4.0,1.0,2.236,0.0,1.6,2.51,1.0,833.6,611.35,976.0,0.0,5.0
Chucklefish,True,50.0,0.1,1.0,4.0,,4.0,4.5,,4.5,3.5,,3.5,1.0,,1.0,2.0,,2.0,981.0,,981.0,1.0,1.0
Clever Endeavour Games,True,20.69,0.3,0.0,3.5,,3.5,4.2,,4.2,4.2,,4.2,6.0,,6.0,29.0,,29.0,2032.0,,2032.0,1.0,1.0
Clickteam LLC USA,False,34.745,0.54,0.3,4.75,0.238,4.75,4.825,0.096,4.85,4.525,0.096,4.55,21.25,14.728,23.5,56.0,32.28,56.5,3611.25,1969.811,3265.5,0.0,4.0
Coatsink,False,0.0,0.0,1.7,0.0,,0.0,5.0,,5.0,3.3,,3.3,0.0,,0.0,1.0,,1.0,1296.0,,1296.0,0.0,1.0
Coatsink Software Ltd,False,0.0,0.0,-0.3,0.0,,0.0,2.3,,2.3,2.6,,2.6,0.0,,0.0,6.0,,6.0,2346.0,,2346.0,0.0,1.0
Cococucumber,False,45.835,0.075,0.7,4.0,1.414,4.0,4.75,0.354,4.75,4.05,0.354,4.05,1.5,0.707,1.5,3.5,0.707,3.5,3039.0,2961.363,3039.0,0.0,2.0
Codemasters,False,22.793,0.066,-1.365,1.853,2.029,1.0,2.553,2.134,3.9,3.918,0.366,4.0,1.176,2.834,1.0,3.235,7.529,1.0,1765.471,1221.529,1738.0,0.0,17.0
Codemasters,True,21.05,0.06,0.3,3.2,,3.2,2.8,,2.8,2.5,,2.5,4.0,,4.0,19.0,,19.0,6827.0,,6827.0,1.0,1.0
Codemasters Software Company Limited,False,6.667,0.02,-0.933,1.667,2.887,0.0,3.333,2.887,5.0,4.267,0.252,4.3,0.333,0.577,0.0,3.0,2.646,4.0,999.0,672.056,764.0,0.0,3.0
Coffee Stain Publishing,True,28.33,0.12,0.1,4.9,,4.9,4.6,,4.6,4.5,,4.5,17.0,,17.0,60.0,,60.0,14165.0,,14165.0,1.0,1.0
Coffee Stain Publishing ,False,20.83,0.15,0.3,4.4,,4.4,4.4,,4.4,4.1,,4.1,15.0,,15.0,72.0,,72.0,10065.0,,10065.0,0.0,1.0
Coffee Stain Publishing AB,True,29.81,0.47,0.1,4.5,0.283,4.5,4.55,0.212,4.55,4.45,0.071,4.45,11.5,6.364,11.5,42.5,31.82,42.5,2964.5,2567.505,2964.5,2.0,2.0
Cold Iron Studios ,True,30.56,0.13,0.5,3.4,0.0,3.4,3.7,0.0,3.7,3.2,0.0,3.2,11.0,0.0,11.0,36.0,0.0,36.0,8579.0,0.0,8579.0,4.0,4.0
ConcernedApe,True,34.44,0.25,-0.2,4.4,,4.4,4.5,,4.5,4.7,,4.7,31.0,,31.0,90.0,,90.0,12429.0,,12429.0,1.0,1.0
Craftshop Arts Inc.,True,41.67,0.27,1.4,3.4,,3.4,3.7,,3.7,2.3,,2.3,5.0,,5.0,12.0,,12.0,1833.0,,1833.0,1.0,1.0
Crescent Moon Games,False,0.0,0.0,-1.3,0.0,,0.0,1.0,,1.0,2.3,,2.3,0.0,,0.0,1.0,,1.0,6092.0,,6092.0,0.0,1.0
Crunching Koalas,False,0.0,0.0,1.8,0.0,,0.0,5.0,,5.0,3.2,,3.2,0.0,,0.0,1.0,,1.0,174.0,,174.0,0.0,1.0
Crystal Dynamics,False,30.145,0.31,0.15,4.55,0.354,4.55,4.5,0.283,4.5,4.35,0.495,4.35,8.5,3.536,8.5,30.5,19.092,30.5,16855.0,22403.971,16855.0,0.0,2.0
Crystal Dynamics,True,18.337,0.082,0.268,2.142,2.163,3.2,4.221,0.809,4.6,3.953,0.448,3.8,10.368,14.233,5.0,33.0,38.453,15.0,15072.526,23578.237,2121.0,19.0,19.0
Crytek,False,38.523,0.939,0.486,3.914,0.915,4.2,4.443,0.472,4.7,3.957,0.424,4.1,2.429,2.44,1.0,6.857,0.69,7.0,522.429,354.351,468.0,0.0,7.0
Curve Digital,False,26.316,0.061,-0.789,1.632,2.114,0.0,2.911,2.122,4.0,3.7,0.468,3.7,0.474,0.612,0.0,1.263,0.991,1.0,909.632,445.358,998.0,0.0,19.0
Curve Games,False,23.333,0.037,-0.9,1.417,2.245,0.0,2.55,2.109,3.15,3.45,0.543,3.45,0.5,0.837,0.0,1.833,1.941,1.5,1934.0,1032.8,2291.0,0.0,6.0
Curve Games,True,28.665,0.105,-0.05,4.3,0.99,4.3,4.1,0.707,4.1,4.15,0.212,4.15,6.5,2.121,6.5,23.5,3.536,23.5,7341.0,5316.029,7341.0,2.0,2.0
"Cyan Worlds, Inc.",False,0.0,0.0,1.4,0.0,,0.0,5.0,,5.0,3.6,,3.6,0.0,,0.0,3.0,,3.0,1717.0,,1717.0,0.0,1.0
CyberConnect2,False,100.0,0.09,0.9,5.0,,5.0,5.0,,5.0,4.1,,4.1,1.0,,1.0,1.0,,1.0,1115.0,,1115.0,0.0,1.0
D3 Publisher,False,0.0,0.0,0.8,0.0,,0.0,5.0,,5.0,4.2,,4.2,0.0,,0.0,6.0,,6.0,505.0,,505.0,0.0,1.0
"D3Publisher of America, Inc.",False,44.44,0.47,0.3,5.0,,5.0,4.7,,4.7,4.4,,4.4,4.0,,4.0,9.0,,9.0,859.0,,859.0,0.0,1.0
"D3Publisher, Inc.",False,0.0,0.0,1.2,0.0,,0.0,5.0,,5.0,3.8,,3.8,0.0,,0.0,1.0,,1.0,472.0,,472.0,0.0,1.0
DAEDALIC Entertainment GmbH,False,100.0,0.24,-0.1,4.5,,4.5,4.5,,4.5,4.6,,4.6,2.0,,2.0,2.0,,2.0,849.0,,849.0,0.0,1.0
DANGEN Entertainment,False,50.0,0.09,0.3,4.0,,4.0,4.5,,4.5,4.2,,4.2,1.0,,1.0,2.0,,2.0,1059.0,,1059.0,0.0,1.0
DECK13 Spotlight,False,0.0,0.0,0.7,0.0,,0.0,5.0,,5.0,4.3,,4.3,0.0,,0.0,1.0,,1.0,1195.0,,1195.0,0.0,1.0
DON'T NOD,True,13.41,7.86,-0.5,4.2,,4.2,3.5,,3.5,4.0,,4.0,151.0,,151.0,1126.0,,1126.0,1922.0,,1922.0,1.0,1.0
Daedalic Entertainment,False,0.0,0.0,-3.3,0.0,,0.0,0.0,,0.0,3.3,,3.3,0.0,,0.0,0.0,,0.0,345.0,,345.0,0.0,1.0
Daedalic Entertainment GmbH,False,0.0,0.0,-3.3,0.0,0.0,0.0,1.0,1.414,1.0,4.3,0.283,4.3,0.0,0.0,0.0,0.5,0.707,0.5,317.5,125.158,317.5,0.0,2.0
Dan Fornace,False,50.0,0.08,1.2,5.0,,5.0,5.0,,5.0,3.8,,3.8,2.0,,2.0,4.0,,4.0,2431.0,,2431.0,0.0,1.0
Daniel Mullins Games,False,0.0,0.0,-4.5,0.0,,0.0,0.0,,0.0,4.5,,4.5,0.0,,0.0,0.0,,0.0,41.0,,41.0,0.0,1.0
Dear Villagers,False,17.61,0.116,-2.178,1.356,1.972,0.0,1.467,1.797,0.0,3.644,0.702,4.0,4.222,10.497,0.0,7.667,11.864,0.0,1619.333,1413.565,894.0,0.0,9.0
Deck13 Spotlight,False,0.0,0.0,0.7,0.0,,0.0,5.0,,5.0,4.3,,4.3,0.0,,0.0,2.0,,2.0,3890.0,,3890.0,0.0,1.0
Deco Digital & Bevel Studios,False,100.0,0.03,1.0,4.5,,4.5,4.5,,4.5,3.5,,3.5,2.0,,2.0,2.0,,2.0,6919.0,,6919.0,0.0,1.0
"Decoy Games, LLC",False,0.0,0.0,-2.4,0.0,,0.0,0.0,,0.0,2.4,,2.4,0.0,,0.0,0.0,,0.0,338.0,,338.0,0.0,1.0
Deep Silver,False,36.068,0.166,0.175,2.275,1.831,3.0,3.906,1.197,4.25,3.731,0.648,3.9,5.188,8.833,2.0,22.75,47.404,3.0,2801.938,3581.491,819.0,0.0,16.0
Deep Silver,True,23.3,0.19,0.0,4.2,,4.2,4.1,,4.1,4.1,,4.1,24.0,,24.0,103.0,,103.0,12900.0,,12900.0,1.0,1.0
"Deep Silver, InXile Entertainment",True,33.33,0.03,0.4,3.0,,3.0,4.3,,4.3,3.9,,3.9,1.0,,1.0,3.0,,3.0,3190.0,,3190.0,1.0,1.0
"Deep Silver, Koch Media",False,42.86,0.28,0.5,4.3,,4.3,4.3,,4.3,3.8,,3.8,6.0,,6.0,14.0,,14.0,2119.0,,2119.0,0.0,1.0
Defiant Development,False,0.0,0.0,-3.7,0.0,,0.0,0.0,,0.0,3.7,,3.7,0.0,,0.0,0.0,,0.0,3282.0,,3282.0,0.0,1.0
Devolver Digital,False,10.941,0.014,-1.635,1.016,1.93,0.0,2.384,2.325,3.0,4.019,0.431,4.1,0.387,0.803,0.0,2.645,5.97,1.0,1732.387,1381.767,1322.0,0.0,31.0
Devolver Digital,True,41.51,0.217,-0.167,4.2,0.436,4.0,4.3,0.529,4.5,4.467,0.153,4.5,11.0,6.083,14.0,31.667,26.102,23.0,4833.333,950.253,4808.0,3.0,3.0
Digerati,False,25.0,0.058,0.65,1.0,2.0,0.0,3.775,1.115,3.9,3.125,0.797,3.05,0.25,0.5,0.0,2.5,1.915,2.0,435.25,90.82,430.5,0.0,4.0
Digerati Distribution,False,0.0,0.0,-4.0,0.0,,0.0,0.0,,0.0,4.0,,4.0,0.0,,0.0,0.0,,0.0,389.0,,389.0,0.0,1.0
Disney,False,0.0,0.0,-1.8,0.0,,0.0,2.0,,2.0,3.8,,3.8,0.0,,0.0,1.0,,1.0,317.0,,317.0,0.0,1.0
Disney Interactive,False,33.33,0.44,0.4,5.0,,5.0,4.8,,4.8,4.4,,4.4,3.0,,3.0,9.0,,9.0,677.0,,677.0,0.0,1.0
Disney Interactive Studios,False,30.412,0.17,0.258,3.823,1.952,4.8,4.527,0.968,4.7,4.269,0.285,4.2,2.692,1.784,3.0,8.077,4.849,9.5,1806.269,1405.203,1753.0,0.0,26.0
Distractionware Limited,False,0.0,0.0,1.0,0.0,,0.0,5.0,,5.0,4.0,,4.0,0.0,,0.0,1.0,,1.0,1432.0,,1432.0,0.0,1.0
Doborog Games,True,43.24,0.8,0.3,4.3,,4.3,4.4,,4.4,4.1,,4.1,32.0,,32.0,74.0,,74.0,4010.0,,4010.0,1.0,1.0
Dotemu,False,16.665,0.02,1.05,1.85,2.616,1.85,4.8,0.283,4.8,3.75,0.354,3.75,1.5,2.121,1.5,5.0,5.657,5.0,4437.5,5026.822,4437.5,0.0,2.0
Dotemu,True,5.28,2.435,0.05,4.5,0.707,4.5,4.3,0.566,4.3,4.25,0.495,4.25,36.0,48.083,36.0,739.0,995.606,739.0,5405.5,5603.821,5405.5,2.0,2.0
Double Dagger Studio,True,35.9,0.34,0.1,4.9,,4.9,4.7,,4.7,4.6,,4.6,28.0,,28.0,78.0,,78.0,8354.0,,8354.0,1.0,1.0
Double Damage Games Inc.,False,66.67,0.13,-0.3,3.5,,3.5,4.0,,4.0,4.3,,4.3,2.0,,2.0,3.0,,3.0,1552.0,,1552.0,0.0,1.0
Double Eleven Limited,False,0.0,0.0,0.3,0.0,0.0,0.0,4.2,0.0,4.2,3.9,0.0,3.9,0.0,0.0,0.0,5.0,0.0,5.0,4639.0,0.0,4639.0,0.0,4.0
Double Eleven Limited,True,12.5,0.01,0.7,5.0,0.0,5.0,4.8,0.0,4.8,4.1,0.0,4.1,2.0,0.0,2.0,16.0,0.0,16.0,23463.0,0.0,23463.0,4.0,4.0
Double Fine Productions,True,33.523,0.373,0.367,4.667,0.153,4.7,4.6,0.2,4.6,4.233,0.643,4.5,7.667,8.963,3.0,21.333,18.23,18.0,1707.333,1012.202,1684.0,3.0,3.0
"Double Fine Productions, Inc.",False,0.0,0.0,-3.9,0.0,,0.0,0.0,,0.0,3.9,,3.9,0.0,,0.0,0.0,,0.0,302.0,,302.0,0.0,1.0
"Double Fine Productions, Inc.",True,25.0,0.02,1.0,5.0,0.0,5.0,4.2,0.0,4.2,3.2,0.0,3.2,1.0,0.0,1.0,4.0,0.0,4.0,4778.0,0.0,4778.0,4.0,4.0
Dovetail Games,False,0.0,0.0,-2.567,0.0,0.0,0.0,1.0,1.673,0.0,3.567,0.383,3.65,0.0,0.0,0.0,0.333,0.516,0.0,342.833,365.7,265.5,0.0,6.0
DreadXP,True,23.81,0.64,0.2,4.3,,4.3,4.4,,4.4,4.2,,4.2,10.0,,10.0,42.0,,42.0,1574.0,,1574.0,1.0,1.0
DrinkBox Studios,False,0.0,0.0,1.1,0.0,0.0,0.0,5.0,0.0,5.0,3.9,0.0,3.9,0.0,0.0,0.0,4.0,0.0,4.0,11751.0,0.0,11751.0,0.0,4.0
Drinkbox Studios,False,0.0,0.0,-2.05,0.0,0.0,0.0,2.5,3.536,2.5,4.55,0.212,4.55,0.0,0.0,0.0,1.0,1.414,1.0,612.5,811.051,612.5,0.0,2.0
Drool LLC,False,0.0,0.0,-4.4,0.0,,0.0,0.0,,0.0,4.4,,4.4,0.0,,0.0,0.0,,0.0,247.0,,247.0,0.0,1.0
"E-Home Entertainment Development Co., Ltd",False,0.0,0.0,1.6,0.0,,0.0,5.0,,5.0,3.4,,3.4,0.0,,0.0,4.0,,4.0,2441.0,,2441.0,0.0,1.0
E-Line Media,False,0.0,0.0,0.8,0.0,,0.0,4.7,,4.7,3.9,,3.9,0.0,,0.0,3.0,,3.0,3860.0,,3860.0,0.0,1.0
EA SPORTS,False,0.0,0.0,0.2,0.0,0.0,0.0,4.3,0.0,4.3,4.1,0.0,4.1,0.0,0.0,0.0,3.0,0.0,3.0,1030.0,0.0,1030.0,0.0,4.0
EXOR Studios,False,20.0,0.06,0.1,2.0,,2.0,4.0,,4.0,3.9,,3.9,1.0,,1.0,5.0,,5.0,1665.0,,1665.0,0.0,1.0
Eastasiasoft Limited,False,0.0,0.0,-3.2,0.0,,0.0,0.0,,0.0,3.2,,3.2,0.0,,0.0,0.0,,0.0,34.0,,34.0,0.0,1.0
Eastshade Studios,False,0.0,0.0,-3.9,0.0,,0.0,0.0,,0.0,3.9,,3.9,0.0,,0.0,0.0,,0.0,1140.0,,1140.0,0.0,1.0
Eidos Interactive Corporation,False,22.58,0.09,0.3,5.0,,5.0,4.9,,4.9,4.6,,4.6,7.0,,7.0,31.0,,31.0,8149.0,,8149.0,0.0,1.0
Electronic Arts,False,24.652,1.153,-0.836,2.594,2.108,3.5,2.94,1.924,3.8,3.776,0.706,4.0,7.34,22.89,2.0,28.289,99.838,7.0,5961.381,8978.039,2662.0,0.0,97.0
Electronic Arts ,False,100.0,27.27,0.0,5.0,,5.0,5.0,,5.0,5.0,,5.0,3.0,,3.0,3.0,,3.0,11.0,,11.0,0.0,1.0
Electronic Arts Inc.,False,16.97,0.32,-1.9,2.3,3.253,2.3,2.1,2.97,2.1,4.0,0.283,4.0,18.5,26.163,18.5,54.5,77.075,54.5,3330.0,3473.309,3330.0,0.0,2.0
En Masse Entertainment Inc.,False,100.0,0.46,1.6,5.0,,5.0,5.0,,5.0,3.4,,3.4,1.0,,1.0,1.0,,1.0,216.0,,216.0,0.0,1.0
Enhance,False,75.557,0.18,0.9,4.267,0.874,4.5,4.567,0.513,4.7,3.667,0.321,3.8,2.0,1.0,2.0,3.0,2.0,3.0,1907.667,1598.16,1572.0,0.0,3.0
EpiXR Games,False,0.0,0.0,-5.0,0.0,,0.0,0.0,,0.0,5.0,,5.0,0.0,,0.0,0.0,,0.0,1.0,,1.0,0.0,1.0
Epic Games,False,42.59,0.65,-0.1,4.2,,4.2,4.2,,4.2,4.3,,4.3,23.0,,23.0,54.0,,54.0,3557.0,,3557.0,0.0,1.0
Epic Games Inc.,False,0.0,0.0,-4.2,0.0,,0.0,0.0,,0.0,4.2,,4.2,0.0,,0.0,0.0,,0.0,1139.0,,1139.0,0.0,1.0
Epopeia Games,True,25.64,0.28,0.2,4.6,,4.6,4.8,,4.8,4.6,,4.6,10.0,,10.0,39.0,,39.0,3623.0,,3623.0,1.0,1.0
Excalibur Games,False,50.0,0.16,1.2,5.0,,5.0,5.0,,5.0,3.8,,3.8,1.0,,1.0,2.0,,2.0,610.0,,610.0,0.0,1.0
FLARB LLC,False,33.33,0.1,1.2,5.0,,5.0,5.0,,5.0,3.8,,3.8,1.0,,1.0,3.0,,3.0,1018.0,,1018.0,0.0,1.0
"FRAME BREAK, Amplifier Studios",True,22.22,0.22,0.2,4.3,,4.3,4.3,,4.3,4.1,,4.1,6.0,,6.0,27.0,,27.0,2675.0,,2675.0,1.0,1.0
Falling Squirrel Inc.,False,0.0,0.0,1.7,0.0,,0.0,5.0,,5.0,3.3,,3.3,0.0,,0.0,2.0,,2.0,1996.0,,1996.0,0.0,1.0
Fantastico Studio,False,0.0,0.0,-4.1,0.0,,0.0,0.0,,0.0,4.1,,4.1,0.0,,0.0,0.0,,0.0,11.0,,11.0,0.0,1.0
Fatshark,True,20.765,0.185,0.5,3.8,0.141,3.8,4.0,0.0,4.0,3.5,0.283,3.5,13.5,10.607,13.5,79.5,79.903,79.5,7277.5,5803.225,7277.5,2.0,2.0
Fatshark AB,False,0.0,0.0,1.7,0.0,,0.0,5.0,,5.0,3.3,,3.3,0.0,,0.0,1.0,,1.0,3225.0,,3225.0,0.0,1.0
Fellow Traveller,False,26.666,0.05,-2.18,2.0,2.739,0.0,1.94,2.659,0.0,4.12,0.349,4.1,1.0,1.732,0.0,1.4,1.949,0.0,947.2,1334.101,499.0,0.0,5.0
Fellow Traveller,True,20.202,1.226,0.38,4.16,0.921,4.2,4.24,0.261,4.4,3.86,0.365,3.7,12.4,19.437,5.0,58.4,92.189,22.0,1585.6,1100.328,1202.0,5.0,5.0
Finji,False,0.0,0.0,-4.267,0.0,0.0,0.0,0.0,0.0,0.0,4.267,0.208,4.2,0.0,0.0,0.0,0.0,0.0,0.0,1126.333,862.894,1081.0,0.0,3.0
Finji,True,28.12,0.1,0.0,4.4,,4.4,4.3,,4.3,4.3,,4.3,9.0,,9.0,32.0,,32.0,8963.0,,8963.0,1.0,1.0
Flashbulb,False,16.67,0.04,1.0,5.0,,5.0,4.8,,4.8,3.8,,3.8,1.0,,1.0,6.0,,6.0,2366.0,,2366.0,0.0,1.0
Flashbulb Games,True,17.46,0.15,0.5,4.5,,4.5,4.3,,4.3,3.8,,3.8,11.0,,11.0,63.0,,63.0,7292.0,,7292.0,1.0,1.0
Flippfly,False,0.0,0.0,-3.1,0.0,,0.0,0.0,,0.0,3.1,,3.1,0.0,,0.0,0.0,,0.0,892.0,,892.0,0.0,1.0
FoamPunch,False,5.0,0.03,0.2,5.0,,5.0,3.7,,3.7,3.5,,3.5,1.0,,1.0,20.0,,20.0,2926.0,,2926.0,0.0,1.0
Focus Entertainment,False,27.791,0.127,-0.989,3.153,1.891,3.5,2.747,1.7,3.0,3.737,0.495,3.7,2.158,2.478,2.0,9.0,12.776,5.0,2935.684,3931.681,2373.0,0.0,19.0
Focus Entertainment,True,33.155,0.5,0.217,3.75,0.829,3.9,3.867,0.692,4.1,3.65,0.647,3.75,12.333,9.709,8.5,44.167,37.839,32.5,2806.667,1710.186,2476.5,6.0,6.0
Focus Home Interactive,False,0.0,0.0,-0.55,0.0,0.0,0.0,3.25,2.062,3.5,3.8,0.408,3.8,0.0,0.0,0.0,1.25,0.5,1.0,3881.0,2224.888,3690.0,0.0,4.0
Freedom Games,False,0.0,0.0,-3.8,0.0,,0.0,0.0,,0.0,3.8,,3.8,0.0,,0.0,0.0,,0.0,918.0,,918.0,0.0,1.0
Freejam,False,0.0,0.0,-4.1,0.0,,0.0,0.0,,0.0,4.1,,4.1,0.0,,0.0,0.0,,0.0,8.0,,8.0,0.0,1.0
Frictional Games,False,20.37,0.083,-0.633,1.567,2.714,0.0,3.233,2.804,4.7,3.867,0.306,3.8,3.667,6.351,0.0,6.333,10.116,1.0,2003.333,2176.251,1370.0,0.0,3.0
Frima Studio,False,0.0,0.0,-3.3,0.0,,0.0,0.0,,0.0,3.3,,3.3,0.0,,0.0,0.0,,0.0,4748.0,,4748.0,0.0,1.0
Frogwares,False,25.0,0.73,0.6,5.0,,5.0,4.9,,4.9,4.3,,4.3,2.0,,2.0,8.0,,8.0,273.0,,273.0,0.0,1.0
Frontier Developments,False,24.258,0.06,0.15,2.667,1.291,2.5,4.067,0.971,4.4,3.917,0.286,4.1,2.5,1.761,2.0,9.5,2.95,9.0,4321.833,1401.492,4958.0,0.0,6.0
Frontier Developments,True,17.24,0.11,0.5,4.8,,4.8,4.6,,4.6,4.1,,4.1,10.0,,10.0,58.0,,58.0,9101.0,,9101.0,1.0,1.0
Frontier Foundry,False,20.0,0.04,0.6,5.0,,5.0,5.0,,5.0,4.4,,4.4,1.0,,1.0,5.0,,5.0,2325.0,,2325.0,0.0,1.0
Frozen District,True,16.33,0.12,-0.6,4.1,,4.1,3.4,,3.4,4.0,,4.0,8.0,,8.0,49.0,,49.0,6658.0,,6658.0,1.0,1.0
Funcom,False,6.837,0.023,0.067,1.0,1.732,0.0,4.033,0.874,3.8,3.967,0.907,4.1,2.667,4.619,0.0,15.0,20.881,5.0,5126.0,5505.831,4382.0,0.0,3.0
Future Friends Games & Exbleative,False,0.0,0.0,0.8,0.0,,0.0,5.0,,5.0,4.2,,4.2,0.0,,0.0,2.0,,2.0,5077.0,,5077.0,0.0,1.0
GIANTS Software GmbH,False,39.335,0.055,0.55,5.0,0.0,5.0,4.25,0.354,4.25,3.7,0.141,3.7,2.5,0.707,2.5,14.0,15.556,14.0,5278.5,3162.889,5278.5,0.0,2.0
GLITCH,False,0.0,0.0,1.3,0.0,,0.0,5.0,,5.0,3.7,,3.7,0.0,,0.0,1.0,,1.0,840.0,,840.0,0.0,1.0
Game Troopers,False,0.0,0.0,-3.5,0.0,,0.0,0.0,,0.0,3.5,,3.5,0.0,,0.0,0.0,,0.0,37.0,,37.0,0.0,1.0
Gamera Game,False,0.0,0.0,-3.4,0.0,,0.0,1.0,,1.0,4.4,,4.4,0.0,,0.0,1.0,,1.0,809.0,,809.0,0.0,1.0
Gamera Games,False,0.0,0.0,-3.3,0.0,,0.0,0.0,,0.0,3.3,,3.3,0.0,,0.0,0.0,,0.0,256.0,,256.0,0.0,1.0
Gearbox Publishing,False,0.0,0.0,0.0,0.0,,0.0,3.8,,3.8,3.8,,3.8,0.0,,0.0,4.0,,4.0,1482.0,,1482.0,0.0,1.0
Gearbox Publishing,True,27.27,0.04,0.3,4.3,,4.3,4.4,,4.4,4.1,,4.1,3.0,,3.0,11.0,,11.0,8425.0,,8425.0,1.0,1.0
Ghost Ship Publishing,True,19.57,0.88,-0.3,3.9,,3.9,3.8,,3.8,4.1,,4.1,18.0,,18.0,92.0,,92.0,2050.0,,2050.0,1.0,1.0
Glass Bottom Games,False,0.0,0.0,-2.8,0.0,,0.0,0.0,,0.0,2.8,,2.8,0.0,,0.0,0.0,,0.0,1507.0,,1507.0,0.0,1.0
Good Shepherd Entertainment,True,16.67,0.05,0.4,5.0,,5.0,4.7,,4.7,4.3,,4.3,1.0,,1.0,6.0,,6.0,2028.0,,2028.0,1.0,1.0
Graffiti Games,False,0.0,0.0,-3.05,0.0,0.0,0.0,0.75,1.5,0.0,3.8,0.638,4.0,0.0,0.0,0.0,0.25,0.5,0.0,1471.0,1114.405,1303.0,0.0,4.0
GraphicDNA,False,0.0,0.0,-3.3,0.0,,0.0,0.0,,0.0,3.3,,3.3,0.0,,0.0,0.0,,0.0,251.0,,251.0,0.0,1.0
Graybeard Games,False,0.0,0.0,-2.3,0.0,,0.0,0.0,,0.0,2.3,,2.3,0.0,,0.0,0.0,,0.0,880.0,,880.0,0.0,1.0
Grey Box,False,0.0,0.0,-4.5,0.0,,0.0,0.0,,0.0,4.5,,4.5,0.0,,0.0,0.0,,0.0,2253.0,,2253.0,0.0,1.0
Gun Interactive,False,20.0,0.04,0.0,4.6,,4.6,3.6,,3.6,3.6,,3.6,5.0,,5.0,25.0,,25.0,13023.0,,13023.0,0.0,1.0
HAMSTER Corporation,False,5.0,0.04,0.3,0.2,0.447,0.0,4.76,0.537,5.0,4.46,0.76,4.8,0.2,0.447,0.0,1.6,1.342,1.0,150.4,199.904,61.0,0.0,5.0
Headup,False,50.0,0.12,1.0,5.0,,5.0,4.5,,4.5,3.5,,3.5,1.0,,1.0,2.0,,2.0,811.0,,811.0,0.0,1.0
Headup Games,False,0.0,0.0,1.5,0.0,,0.0,5.0,,5.0,3.5,,3.5,0.0,,0.0,2.0,,2.0,683.0,,683.0,0.0,1.0
Headup GmbH,False,37.5,0.185,-0.5,2.35,3.323,2.35,2.9,1.273,2.9,3.4,0.424,3.4,1.5,2.121,1.5,2.5,2.121,2.5,593.0,321.026,593.0,0.0,2.0
Hi-Rez Studios,False,28.57,0.01,-1.1,1.5,,1.5,2.7,,2.7,3.8,,3.8,2.0,,2.0,7.0,,7.0,24714.0,,24714.0,0.0,1.0
Hinterland Studio Inc.,False,19.35,0.03,-0.2,3.3,,3.3,4.2,,4.2,4.4,,4.4,6.0,,6.0,31.0,,31.0,17916.0,,17916.0,0.0,1.0
Hooded Horse,False,0.0,0.0,-3.8,0.0,,0.0,0.0,,0.0,3.8,,3.8,0.0,,0.0,0.0,,0.0,365.0,,365.0,0.0,1.0
Hooded Horse,True,25.49,0.592,0.12,2.8,1.754,3.0,3.84,0.518,4.1,3.72,0.277,3.7,2.2,2.28,2.0,15.0,11.511,12.0,1104.4,1998.936,215.0,5.0,5.0
Humble Games,False,8.829,0.019,-2.227,0.7,1.664,0.0,1.557,2.189,0.0,3.783,0.525,3.6,0.5,1.526,0.0,2.833,7.777,0.0,1395.533,1323.514,1018.5,0.0,30.0
Humble Games,True,25.0,0.11,0.2,5.0,,5.0,4.7,,4.7,4.5,,4.5,3.0,,3.0,12.0,,12.0,2793.0,,2793.0,1.0,1.0
HypeTrain Digital,False,0.0,0.0,0.8,0.0,,0.0,5.0,,5.0,4.2,,4.2,0.0,,0.0,2.0,,2.0,274.0,,274.0,0.0,1.0
HypeTrain Digital,True,13.71,1.97,-0.1,3.5,,3.5,3.4,,3.4,3.5,,3.5,17.0,,17.0,124.0,,124.0,861.0,,861.0,1.0,1.0
HypeTrain Digitalâ€¬,False,0.0,0.0,1.5,0.0,,0.0,5.0,,5.0,3.5,,3.5,0.0,,0.0,1.0,,1.0,1793.0,,1793.0,0.0,1.0
INTI CREATES,False,0.0,0.0,1.0,0.0,,0.0,5.0,,5.0,4.0,,4.0,0.0,,0.0,1.0,,1.0,1310.0,,1310.0,0.0,1.0
IO Interactive A/S,False,33.335,0.16,-1.65,2.5,3.536,2.5,2.5,3.536,2.5,4.15,0.071,4.15,1.0,1.414,1.0,1.5,2.121,1.5,315.5,429.214,315.5,0.0,2.0
Image & Form Games,False,0.0,0.0,1.3,0.0,,0.0,5.0,,5.0,3.7,,3.7,0.0,,0.0,1.0,,1.0,1480.0,,1480.0,0.0,1.0
Image & Form International AB,False,25.0,0.08,0.4,5.0,,5.0,4.5,,4.5,4.1,,4.1,1.0,,1.0,4.0,,4.0,1316.0,,1316.0,0.0,1.0
Infinite Dreams,False,41.665,0.115,0.15,4.5,0.707,4.5,4.75,0.354,4.75,4.6,0.0,4.6,1.0,0.0,1.0,2.5,0.707,2.5,871.0,66.468,871.0,0.0,2.0
Infogrames,True,22.22,0.08,0.8,4.0,,4.0,3.9,,3.9,3.1,,3.1,4.0,,4.0,18.0,,18.0,4822.0,,4822.0,1.0,1.0
Innersloth,True,22.99,0.11,-0.3,3.3,,3.3,3.5,,3.5,3.8,,3.8,40.0,,40.0,174.0,,174.0,37542.0,,37542.0,1.0,1.0
Jackbox Games,False,0.0,0.0,1.7,0.0,,0.0,5.0,,5.0,3.3,,3.3,0.0,,0.0,1.0,,1.0,658.0,,658.0,0.0,1.0
"Jackbox Games, Inc",False,0.0,0.0,-3.0,0.0,,0.0,0.0,,0.0,3.0,,3.0,0.0,,0.0,0.0,,0.0,247.0,,247.0,0.0,1.0
"Jackbox Games, Inc.",False,0.0,0.0,1.7,0.0,,0.0,5.0,,5.0,3.3,,3.3,0.0,,0.0,1.0,,1.0,428.0,,428.0,0.0,1.0
Jumpship,False,0.0,0.0,-3.4,0.0,,0.0,0.0,,0.0,3.4,,3.4,0.0,,0.0,0.0,,0.0,3891.0,,3891.0,0.0,1.0
KEMCO,True,0.0,0.0,-0.3,0.0,,0.0,4.0,,4.0,4.3,,4.3,0.0,,0.0,1.0,,1.0,10420.0,,10420.0,1.0,1.0
KOEI TECMO AMERICA,False,26.923,0.033,0.067,0.833,0.764,1.0,3.4,1.442,3.0,3.333,0.611,3.2,1.667,2.082,1.0,5.333,6.658,2.0,8013.0,12305.317,1236.0,0.0,3.0
KOEI TECMO AMERICA Corporation,False,0.0,0.0,-3.8,0.0,,0.0,0.0,,0.0,3.8,,3.8,0.0,,0.0,0.0,,0.0,3368.0,,3368.0,0.0,1.0
"KRAFTON, Inc.",False,11.155,0.045,-2.0,1.6,2.263,1.6,1.5,2.121,1.5,3.5,0.566,3.5,29.0,41.012,29.0,130.0,183.848,130.0,31749.5,42107.502,31749.5,0.0,2.0
"KRAFTON, Inc.",True,25.0,0.04,-0.2,4.9,,4.9,4.4,,4.4,4.6,,4.6,9.0,,9.0,36.0,,36.0,23008.0,,23008.0,1.0,1.0
Kairosoft,False,100.0,3.85,0.2,5.0,,5.0,5.0,,5.0,4.8,,4.8,1.0,,1.0,1.0,,1.0,26.0,,26.0,0.0,1.0
Kalypso Media,False,22.727,0.05,-1.518,1.364,2.335,0.0,2.209,2.546,0.0,3.727,0.582,3.8,0.273,0.467,0.0,0.727,1.009,0.0,1359.636,2090.95,504.0,0.0,11.0
Kalypso Media,True,0.0,0.0,-5.0,0.0,,0.0,0.0,,0.0,5.0,,5.0,0.0,,0.0,0.0,,0.0,1.0,,1.0,1.0,1.0
Kalypso Media ,False,0.0,0.0,-2.0,0.0,,0.0,0.0,,0.0,2.0,,2.0,0.0,,0.0,0.0,,0.0,1842.0,,1842.0,0.0,1.0
Kalypso Media Group,False,20.0,0.09,-1.85,1.75,2.475,1.75,2.1,2.97,2.1,3.95,0.636,3.95,1.0,1.414,1.0,2.5,3.536,2.5,1758.0,893.783,1758.0,0.0,2.0
Kalypso Media Group GmbH,False,0.0,0.0,-3.0,0.0,,0.0,0.0,,0.0,3.0,,3.0,0.0,,0.0,0.0,,0.0,968.0,,968.0,0.0,1.0
Keen Software House,False,4.84,0.04,-1.85,2.15,3.041,2.15,2.1,2.97,2.1,3.95,0.636,3.95,1.5,2.121,1.5,15.5,21.92,15.5,1981.0,2733.675,1981.0,0.0,2.0
Kepler Interactive,True,19.235,1.065,-0.2,3.4,0.141,3.4,3.05,0.919,3.05,3.25,0.636,3.25,16.5,17.678,16.5,88.5,96.874,88.5,4348.0,4176.173,4348.0,2.0,2.0
Kitfox Games,False,0.0,0.0,-0.95,0.0,0.0,0.0,2.5,3.536,2.5,3.45,0.636,3.45,0.0,0.0,0.0,0.5,0.707,0.5,1928.5,1240.972,1928.5,0.0,2.0
Klabater S.A.,False,0.0,0.0,-3.0,0.0,,0.0,0.0,,0.0,3.0,,3.0,0.0,,0.0,0.0,,0.0,57.0,,57.0,0.0,1.0
Klei Entertainment,False,80.0,0.09,-0.5,3.5,,3.5,3.8,,3.8,4.3,,4.3,4.0,,4.0,5.0,,5.0,4368.0,,4368.0,0.0,1.0
Koch Media,False,19.35,0.17,0.2,5.0,0.0,5.0,4.8,0.0,4.8,4.6,0.0,4.6,6.0,0.0,6.0,31.0,0.0,31.0,3625.0,0.0,3625.0,0.0,4.0
Konami,False,32.54,0.21,0.367,5.0,0.0,5.0,4.867,0.153,4.9,4.5,0.265,4.4,4.333,4.933,2.0,11.0,7.81,7.0,1665.333,1176.327,1280.0,0.0,3.0
Konami Digital Entertainment,False,16.917,0.106,0.542,1.537,2.331,0.0,4.132,1.094,4.0,3.589,0.555,3.6,1.316,3.698,0.0,4.474,9.228,2.0,7253.0,6038.507,5056.0,0.0,19.0
"Konami Digital Entertainment, Inc.",False,71.43,1.22,0.3,4.6,,4.6,4.4,,4.4,4.1,,4.1,5.0,,5.0,7.0,,7.0,411.0,,411.0,0.0,1.0
Landfall,True,19.67,0.08,0.1,4.4,,4.4,4.5,,4.5,4.4,,4.4,24.0,,24.0,122.0,,122.0,28957.0,,28957.0,1.0,1.0
League of Geeks,False,0.0,0.0,1.4,0.0,,0.0,5.0,,5.0,3.6,,3.6,0.0,,0.0,1.0,,1.0,763.0,,763.0,0.0,1.0
Lienzo,False,0.0,0.0,0.6,0.0,,0.0,4.0,,4.0,3.4,,3.4,0.0,,0.0,2.0,,2.0,548.0,,548.0,0.0,1.0
Lince Works,False,66.67,0.06,0.067,3.333,0.577,3.0,3.9,0.346,3.7,3.833,0.404,3.6,2.0,0.0,2.0,3.0,0.0,3.0,4426.0,2414.479,5820.0,0.0,3.0
LucasArts,False,45.737,0.423,-0.44,3.57,1.968,4.75,4.06,1.549,4.8,4.5,0.362,4.7,5.4,4.719,6.0,10.8,9.578,12.0,1707.5,1744.182,1744.5,0.0,10.0
LucasFilm,False,0.0,0.0,-3.1,0.0,,0.0,1.3,,1.3,4.4,,4.4,0.0,,0.0,3.0,,3.0,569.0,,569.0,0.0,1.0
Lucasarts,False,36.36,0.26,-0.2,4.5,,4.5,4.5,,4.5,4.7,,4.7,12.0,,12.0,33.0,,33.0,4602.0,,4602.0,0.0,1.0
M2H,False,0.0,0.0,2.3,0.0,,0.0,5.0,,5.0,2.7,,2.7,0.0,,0.0,1.0,,1.0,982.0,,982.0,0.0,1.0
MLB,False,0.0,0.0,-1.7,0.0,0.0,0.0,1.5,2.121,1.5,3.2,0.283,3.2,0.0,0.0,0.0,0.5,0.707,0.5,1590.0,2076.066,1590.0,0.0,2.0
MWM Interactive,False,0.0,0.0,-3.7,0.0,,0.0,0.0,,0.0,3.7,,3.7,0.0,,0.0,0.0,,0.0,719.0,,719.0,0.0,1.0
"Mad Dog Games, LLC",False,0.0,0.0,-3.4,0.0,,0.0,0.0,,0.0,3.4,,3.4,0.0,,0.0,0.0,,0.0,986.0,,986.0,0.0,1.0
Mad Fellows,False,0.0,0.0,1.2,0.0,,0.0,5.0,,5.0,3.8,,3.8,0.0,,0.0,2.0,,2.0,986.0,,986.0,0.0,1.0
Magic Cube,False,0.0,0.0,-3.2,0.0,,0.0,0.0,,0.0,3.2,,3.2,0.0,,0.0,0.0,,0.0,1044.0,,1044.0,0.0,1.0
Magic Design Studios,False,0.0,0.0,1.0,0.0,,0.0,5.0,,5.0,4.0,,4.0,0.0,,0.0,1.0,,1.0,565.0,,565.0,0.0,1.0
Mainframe Industries,True,18.18,1.67,0.4,3.6,,3.6,2.4,,2.4,2.0,,2.0,8.0,,8.0,44.0,,44.0,479.0,,479.0,1.0,1.0
Marvelous Inc.,False,41.667,0.187,-0.533,3.333,2.887,5.0,3.333,2.887,5.0,3.867,0.058,3.9,0.667,0.577,1.0,1.667,2.082,1.0,443.333,222.893,402.0,0.0,3.0
Matt Makes Games Inc.,True,31.11,0.19,-0.1,4.1,0.0,4.1,4.3,0.0,4.3,4.4,0.0,4.4,14.0,0.0,14.0,45.0,0.0,45.0,7285.0,0.0,7285.0,4.0,4.0
Maximum Entertainment,False,0.0,0.0,-1.2,0.0,0.0,0.0,2.0,2.449,1.5,3.2,1.08,3.1,0.0,0.0,0.0,0.5,0.577,0.5,864.5,402.444,820.0,0.0,4.0
Megagon Industries,False,100.0,0.03,1.4,5.0,,5.0,5.0,,5.0,3.6,,3.6,1.0,,1.0,1.0,,1.0,3413.0,,3413.0,0.0,1.0
Merge Games,False,31.58,0.07,-0.2,4.0,,4.0,4.4,,4.4,4.6,,4.6,6.0,,6.0,19.0,,19.0,8775.0,,8775.0,0.0,1.0
Metalhead Software Inc.,False,100.0,0.03,1.7,5.0,0.0,5.0,5.0,0.0,5.0,3.3,0.0,3.3,1.0,0.0,1.0,1.0,0.0,1.0,3022.0,0.0,3022.0,0.0,4.0
Microsoft,False,29.073,0.122,-0.4,4.467,0.829,5.0,4.283,0.538,4.6,4.683,0.349,4.9,3.0,1.673,2.0,10.167,0.983,10.0,8468.333,14911.588,1271.0,0.0,6.0
Microsoft,True,19.13,0.141,0.343,3.471,2.377,4.9,4.7,0.342,4.8,4.357,0.207,4.4,5.429,7.345,1.0,19.286,23.641,6.0,3146.571,3978.411,846.0,7.0,7.0
Microsoft Corporation,False,0.0,0.0,-2.05,0.0,0.0,0.0,2.5,3.536,2.5,4.55,0.212,4.55,0.0,0.0,0.0,0.5,0.707,0.5,148.0,148.492,148.0,0.0,2.0
Microsoft Game Studios,False,0.0,0.0,-0.1,0.0,,0.0,4.3,,4.3,4.4,,4.4,0.0,,0.0,12.0,,12.0,1711.0,,1711.0,0.0,1.0
Microsoft Game Studios,True,20.684,0.123,0.233,2.533,2.414,4.0,4.478,0.543,4.2,4.244,0.194,4.2,7.333,8.246,2.0,21.778,23.947,4.0,3581.444,3274.557,1033.0,9.0,9.0
Microsoft Studios,False,19.639,0.095,-0.46,2.319,2.33,3.0,3.64,2.016,4.7,4.1,0.412,4.2,2.247,4.789,1.0,8.041,19.537,3.0,31693.438,237459.49,971.0,0.0,73.0
Microsoft Studios,True,27.465,0.077,-0.19,3.817,1.769,4.6,4.06,1.282,4.6,4.25,0.355,4.3,9.7,13.301,3.0,37.8,58.445,12.0,25917.0,35492.049,10477.0,30.0,30.0
Midnight City,True,25.0,0.02,1.1,5.0,0.0,5.0,4.8,0.0,4.8,3.7,0.0,3.7,1.0,0.0,1.0,4.0,0.0,4.0,4192.0,0.0,4192.0,4.0,4.0
Milestone S.r.l.,False,14.813,0.12,0.033,1.333,2.309,0.0,3.2,1.48,3.9,3.167,0.306,3.1,1.333,2.309,0.0,5.333,3.512,5.0,730.667,420.649,810.0,0.0,3.0
Milkstone Studios,False,0.0,0.0,-3.2,0.0,,0.0,0.0,,0.0,3.2,,3.2,0.0,,0.0,0.0,,0.0,349.0,,349.0,0.0,1.0
Mischief,False,75.0,0.25,-0.4,3.3,,3.3,2.8,,2.8,3.2,,3.2,3.0,,3.0,4.0,,4.0,1195.0,,1195.0,0.0,1.0
Modus Games,False,0.0,0.0,-4.3,0.0,0.0,0.0,0.0,0.0,0.0,4.3,0.0,4.3,0.0,0.0,0.0,0.0,0.0,0.0,78.5,26.163,78.5,0.0,2.0
Monomi Park,False,30.36,0.09,0.2,4.8,0.0,4.8,4.8,0.0,4.8,4.6,0.0,4.6,17.0,0.0,17.0,56.0,0.0,56.0,19781.0,0.0,19781.0,0.0,4.0
Monster Couch,False,0.0,0.0,-3.4,0.0,,0.0,0.0,,0.0,3.4,,3.4,0.0,,0.0,0.0,,0.0,45.0,,45.0,0.0,1.0
Mossmouth,False,0.0,0.0,0.3,0.0,,0.0,4.0,,4.0,3.7,,3.7,0.0,,0.0,1.0,,1.0,1763.0,,1763.0,0.0,1.0
Motion Twin,True,12.5,0.06,-0.1,3.7,,3.7,4.5,,4.5,4.6,,4.6,3.0,,3.0,24.0,,24.0,4845.0,,4845.0,1.0,1.0
Mythwright,True,0.0,0.0,1.2,0.0,,0.0,4.7,,4.7,3.5,,3.5,0.0,,0.0,3.0,,3.0,861.0,,861.0,1.0,1.0
NAISU,True,23.86,1.64,0.5,3.5,,3.5,3.5,,3.5,3.0,,3.0,73.0,,73.0,306.0,,306.0,4446.0,,4446.0,1.0,1.0
NAMCO BANDAI Games America,False,0.0,0.0,0.5,0.0,,0.0,5.0,,5.0,4.5,,4.5,0.0,,0.0,1.0,,1.0,671.0,,671.0,0.0,1.0
NAMCO BANDAI Games America Inc.,False,60.0,0.46,-0.7,2.0,,2.0,3.2,,3.2,3.9,,3.9,3.0,,3.0,5.0,,5.0,647.0,,647.0,0.0,1.0
NEOWIZ,False,0.0,0.0,-1.4,0.0,0.0,0.0,2.1,2.97,2.1,3.5,0.0,3.5,0.0,0.0,0.0,2.0,2.828,2.0,1433.5,1365.423,1433.5,0.0,2.0
"NIS America, Inc.",False,0.0,0.0,-3.8,0.0,,0.0,0.0,,0.0,3.8,,3.8,0.0,,0.0,0.0,,0.0,173.0,,173.0,0.0,1.0
Nacon,False,3.42,1.533,-2.1,1.167,2.021,0.0,0.933,1.617,0.0,3.033,0.289,3.2,1.333,2.309,0.0,13.0,22.517,0.0,983.0,840.117,1109.0,0.0,3.0
NeocoreGames,False,16.667,0.265,1.333,0.833,2.041,0.0,5.0,0.0,5.0,3.667,0.273,3.6,0.167,0.408,0.0,1.833,0.408,2.0,1026.167,500.334,1302.0,0.0,6.0
Neon Doctrine,False,25.0,0.075,-1.45,2.5,3.536,2.5,2.5,3.536,2.5,3.95,0.212,3.95,0.5,0.707,0.5,1.0,1.414,1.0,1130.5,638.517,1130.5,0.0,2.0
Neowiz,False,0.0,0.0,-1.45,0.0,0.0,0.0,2.1,2.97,2.1,3.55,0.354,3.55,0.0,0.0,0.0,2.0,2.828,2.0,1034.0,1067.731,1034.0,0.0,2.0
NextNinja,False,0.0,0.0,-3.1,0.0,,0.0,0.0,,0.0,3.1,,3.1,0.0,,0.0,0.0,,0.0,264.0,,264.0,0.0,1.0
Night School Studio,False,0.0,0.0,0.8,0.0,0.0,0.0,5.0,0.0,5.0,4.2,0.0,4.2,0.0,0.0,0.0,2.0,0.0,2.0,5406.0,0.0,5406.0,0.0,4.0
Ninja Theory Ltd,True,32.76,0.08,-0.2,4.5,,4.5,4.3,,4.3,4.5,,4.5,19.0,,19.0,58.0,,58.0,23978.0,,23978.0,1.0,1.0
No Goblin,False,0.0,0.0,2.6,0.0,,0.0,5.0,,5.0,2.4,,2.4,0.0,,0.0,1.0,,1.0,2091.0,,2091.0,0.0,1.0
No More Robots,False,8.332,0.01,-1.225,1.25,2.5,0.0,2.325,1.7,2.65,3.55,0.451,3.55,0.25,0.5,0.0,1.5,1.291,1.5,1413.75,650.426,1302.0,0.0,4.0
No More Robots,True,25.735,1.02,0.55,4.45,0.212,4.45,4.45,0.071,4.45,3.9,0.141,3.9,20.5,9.192,20.5,79.0,32.527,79.0,6537.5,8159.305,6537.5,2.0,2.0
Noodlecake,True,11.56,2.73,0.2,4.4,,4.4,4.4,,4.4,4.2,,4.2,40.0,,40.0,346.0,,346.0,1464.0,,1464.0,1.0,1.0
Nordic Games,False,50.0,0.35,-1.1,3.0,,3.0,2.5,,2.5,3.6,,3.6,1.0,,1.0,2.0,,2.0,289.0,,289.0,0.0,1.0
Nordic Games GmbH,False,0.0,0.0,-0.1,0.0,,0.0,3.0,,3.0,3.1,,3.1,0.0,,0.0,1.0,,1.0,599.0,,599.0,0.0,1.0
Numskull Games,False,0.0,0.0,-2.8,0.0,,0.0,0.0,,0.0,2.8,,2.8,0.0,,0.0,0.0,,0.0,4.0,,4.0,0.0,1.0
Nyamyam,False,0.0,0.0,-3.5,0.0,,0.0,0.0,,0.0,3.5,,3.5,0.0,,0.0,0.0,,0.0,427.0,,427.0,0.0,1.0
ORiGO GAMES,False,0.0,0.0,-3.4,0.0,0.0,0.0,0.0,0.0,0.0,3.4,0.0,3.4,0.0,0.0,0.0,0.0,0.0,0.0,4070.0,0.0,4070.0,0.0,4.0
Oddworld Inhabitants Inc.,False,50.0,0.06,-1.3,3.5,,3.5,3.2,,3.2,4.5,,4.5,2.0,,2.0,4.0,,4.0,3473.0,,3473.0,0.0,1.0
Other Ocean Group,False,50.0,0.06,1.5,5.0,,5.0,5.0,,5.0,3.5,,3.5,1.0,,1.0,2.0,,2.0,1804.0,,1804.0,0.0,1.0
Out of the Park Developments,False,0.0,0.0,-3.5,0.0,,0.0,0.0,,0.0,3.5,,3.5,0.0,,0.0,0.0,,0.0,103.0,,103.0,0.0,1.0
Outright Games,False,0.0,0.0,1.2,0.0,,0.0,5.0,,5.0,3.8,,3.8,0.0,,0.0,5.0,,5.0,1502.0,,1502.0,0.0,1.0
Outright Games ,False,0.0,0.0,-2.5,0.0,,0.0,0.0,,0.0,2.5,,2.5,0.0,,0.0,0.0,,0.0,1984.0,,1984.0,0.0,1.0
Outright Games Ltd,False,0.0,0.0,-2.8,0.0,0.0,0.0,0.0,0.0,0.0,2.8,0.283,2.8,0.0,0.0,0.0,0.0,0.0,0.0,1074.0,1128.542,1074.0,0.0,2.0
Outright Games Ltd.,False,6.25,0.001,-1.388,0.125,0.354,0.0,2.025,2.281,1.5,3.412,0.811,3.55,0.125,0.354,0.0,2.75,5.825,0.5,1639.25,2169.447,901.5,0.0,8.0
Outright Games Ltd.,True,22.097,8.813,0.133,3.967,1.305,4.4,3.667,1.069,3.9,3.533,0.896,4.0,42.0,60.918,13.0,171.333,251.039,36.0,637.0,277.144,480.0,3.0,3.0
PLAYISM,False,36.112,0.037,0.85,2.167,2.483,1.5,4.7,0.529,5.0,3.85,0.712,4.15,0.667,0.816,0.5,1.667,0.816,1.5,1472.667,966.215,1050.5,0.0,6.0
"PM Studios, Inc.",False,0.0,0.0,-3.1,0.0,0.0,0.0,0.0,0.0,0.0,3.1,1.0,3.1,0.0,0.0,0.0,0.0,0.0,0.0,759.0,122.462,712.0,0.0,3.0
"PM-Studios, Inc.",False,50.0,0.895,-0.1,2.5,3.536,2.5,4.15,1.202,4.15,4.25,0.071,4.25,0.5,0.707,0.5,2.0,1.414,2.0,800.0,1052.175,800.0,0.0,2.0
PQube Limited,False,0.0,0.0,-3.6,0.0,,0.0,0.0,,0.0,3.6,,3.6,0.0,,0.0,0.0,,0.0,943.0,,943.0,0.0,1.0
PSYONIX LLC,True,25.72,0.12,-0.9,2.8,,2.8,3.2,,3.2,4.1,,4.1,178.0,,178.0,692.0,,692.0,148048.0,,148048.0,1.0,1.0
Panic,False,20.0,0.06,-0.2,5.0,,5.0,4.4,,4.4,4.6,,4.6,2.0,,2.0,10.0,,10.0,3159.0,,3159.0,0.0,1.0
Panic,True,6.82,0.16,0.3,3.7,,3.7,4.5,,4.5,4.2,,4.2,3.0,,3.0,44.0,,44.0,1903.0,,1903.0,1.0,1.0
Paper Cult,False,0.0,0.0,-3.7,0.0,,0.0,0.0,,0.0,3.7,,3.7,0.0,,0.0,0.0,,0.0,1142.0,,1142.0,0.0,1.0
Paradox Interactive,False,20.996,0.851,-1.814,1.957,2.479,0.0,1.614,2.107,0.0,3.429,0.519,3.3,0.714,1.113,0.0,3.714,8.139,0.0,492.714,639.845,254.0,0.0,7.0
Paradox Interactive,True,20.773,0.15,-1.083,2.367,1.868,3.25,2.383,1.891,3.25,3.467,0.497,3.6,7.167,8.542,4.5,23.333,28.556,14.0,3700.333,3770.614,2348.5,6.0,6.0
Pillow Castle,True,25.0,0.16,0.2,5.0,,5.0,4.9,,4.9,4.7,,4.7,19.0,,19.0,76.0,,76.0,11896.0,,11896.0,1.0,1.0
Piranha Games Inc.,True,11.11,0.04,1.1,3.0,0.0,3.0,4.4,0.0,4.4,3.3,0.0,3.3,2.0,0.0,2.0,18.0,0.0,18.0,4914.0,0.0,4914.0,2.0,2.0
Pix Arts,False,0.0,0.0,-1.0,0.0,0.0,0.0,0.0,0.0,0.0,1.0,0.0,1.0,0.0,0.0,0.0,0.0,0.0,0.0,2.0,0.0,2.0,0.0,3.0
Pixel Lantern,False,0.0,0.0,-4.0,0.0,,0.0,0.0,,0.0,4.0,,4.0,0.0,,0.0,0.0,,0.0,10.0,,10.0,0.0,1.0
Pixellore,False,0.0,0.0,-4.1,0.0,,0.0,0.0,,0.0,4.1,,4.1,0.0,,0.0,0.0,,0.0,153.0,,153.0,0.0,1.0
PlayWay S.A.,True,27.66,0.48,-0.2,4.6,,4.6,4.4,,4.4,4.6,,4.6,26.0,,26.0,94.0,,94.0,5408.0,,5408.0,1.0,1.0
PlayWay S.A. ,False,17.776,0.136,-0.12,1.6,0.894,2.0,3.04,1.699,3.8,3.16,0.537,3.4,1.6,0.894,2.0,7.2,4.025,9.0,1677.6,1146.208,1165.0,0.0,5.0
PlayWay SA,True,34.21,0.24,0.0,3.8,,3.8,4.1,,4.1,4.1,,4.1,13.0,,13.0,38.0,,38.0,5417.0,,5417.0,1.0,1.0
Playdead,True,33.33,0.09,-0.6,5.0,,5.0,3.7,,3.7,4.3,,4.3,1.0,,1.0,3.0,,3.0,1176.0,,1176.0,1.0,1.0
Playdius,False,0.0,0.0,-2.8,0.0,,0.0,0.0,,0.0,2.8,,2.8,0.0,,0.0,0.0,,0.0,502.0,,502.0,0.0,1.0
Playful Studios,True,29.41,0.15,0.3,4.2,,4.2,4.6,,4.6,4.3,,4.3,5.0,,5.0,17.0,,17.0,3340.0,,3340.0,1.0,1.0
Playniac,False,0.0,0.0,-2.4,0.0,,0.0,0.0,,0.0,2.4,,2.4,0.0,,0.0,0.0,,0.0,464.0,,464.0,0.0,1.0
Playstack,False,7.84,0.06,0.0,3.2,,3.2,3.5,,3.5,3.5,,3.5,4.0,,4.0,51.0,,51.0,6451.0,,6451.0,0.0,1.0
Plot Twist,False,0.0,0.0,-3.0,0.0,,0.0,0.0,,0.0,3.0,,3.0,0.0,,0.0,0.0,,0.0,2549.0,,2549.0,0.0,1.0
Plug In Digital,False,17.857,0.049,-0.914,1.143,2.035,0.0,2.429,1.902,1.0,3.343,0.19,3.2,0.286,0.488,0.0,1.429,1.134,1.0,732.0,248.136,915.0,0.0,7.0
Pocketpair,False,33.33,0.04,0.7,4.3,,4.3,4.1,,4.1,3.4,,3.4,3.0,,3.0,9.0,,9.0,6902.0,,6902.0,0.0,1.0
"Polytron Corporation, Inc",False,0.0,0.0,0.6,0.0,,0.0,5.0,,5.0,4.4,,4.4,0.0,,0.0,1.0,,1.0,113.0,,113.0,0.0,1.0
Poncle,True,16.0,0.09,-0.1,4.1,,4.1,4.6,,4.6,4.7,,4.7,12.0,,12.0,75.0,,75.0,13201.0,,13201.0,1.0,1.0
PopCap,False,0.0,0.0,-4.2,0.0,,0.0,0.0,,0.0,4.2,,4.2,0.0,,0.0,0.0,,0.0,358.0,,358.0,0.0,1.0
PopCap Games,False,60.345,0.17,-1.25,3.0,2.828,3.0,3.0,2.828,3.0,4.25,0.495,4.25,3.5,3.536,3.5,15.0,19.799,15.0,2998.0,3621.801,2998.0,0.0,2.0
"PopCap Games, Inc.",False,29.088,0.168,-0.26,4.0,2.236,5.0,4.0,2.236,5.0,4.26,0.134,4.2,3.2,1.789,4.0,8.8,4.919,11.0,1533.6,790.226,1887.0,0.0,5.0
Prime Matter,False,5.555,0.01,0.65,2.5,3.536,2.5,4.05,0.212,4.05,3.4,1.131,3.4,0.5,0.707,0.5,7.5,2.121,7.5,2350.0,2367.394,2350.0,0.0,2.0
Prime Matter,True,44.44,0.08,1.0,5.0,,5.0,4.6,,4.6,3.6,,3.6,4.0,,4.0,9.0,,9.0,5333.0,,5333.0,1.0,1.0
Prison Games,False,0.0,0.0,-3.6,0.0,,0.0,0.0,,0.0,3.6,,3.6,0.0,,0.0,0.0,,0.0,15.0,,15.0,0.0,1.0
Private Division,True,50.0,0.03,0.4,5.0,,5.0,4.8,,4.8,4.4,,4.4,3.0,,3.0,6.0,,6.0,11545.0,,11545.0,1.0,1.0
ProjectMoon,False,27.27,0.28,1.7,5.0,,5.0,5.0,,5.0,3.3,,3.3,3.0,,3.0,11.0,,11.0,1057.0,,1057.0,0.0,1.0
QubicGames S.A.,False,100.0,2.5,1.2,5.0,,5.0,5.0,,5.0,3.8,,3.8,1.0,,1.0,1.0,,1.0,40.0,,40.0,0.0,1.0
ROCKFISH Games,False,4.545,0.015,-1.9,2.5,3.536,2.5,1.75,2.475,1.75,3.65,0.354,3.65,0.5,0.707,0.5,5.5,7.778,5.5,2817.0,561.443,2817.0,0.0,2.0
Ravenscourt,False,23.81,0.125,0.65,4.5,0.707,4.5,4.15,0.778,4.15,3.5,0.566,3.5,1.0,0.0,1.0,5.0,2.828,5.0,1209.5,986.414,1209.5,0.0,2.0
Ravenscourt Games,True,31.71,0.27,0.2,4.3,,4.3,4.6,,4.6,4.4,,4.4,26.0,,26.0,82.0,,82.0,9476.0,,9476.0,1.0,1.0
Raw Fury,False,12.222,0.017,-1.02,0.933,1.944,0.0,2.813,2.277,4.0,3.833,0.488,3.9,0.267,0.594,0.0,1.467,1.922,1.0,1162.333,922.967,928.0,0.0,15.0
Raw Fury,True,16.528,6.222,0.05,3.05,1.595,3.95,3.867,0.175,3.85,3.817,0.172,3.8,59.833,90.782,18.0,428.5,709.649,107.5,1781.833,1180.558,2194.0,6.0,6.0
Rebellion,False,8.332,0.02,0.725,1.25,2.5,0.0,4.7,0.6,5.0,3.975,0.31,3.9,0.25,0.5,0.0,2.25,1.5,2.0,2439.25,2776.769,1144.5,0.0,4.0
Rebellion,True,21.71,0.15,0.5,3.6,0.566,3.6,3.9,0.707,3.9,3.4,0.849,3.4,7.5,3.536,7.5,36.0,21.213,36.0,5005.5,126.572,5005.5,2.0,2.0
Rebellion Developments Ltd,False,0.0,0.0,0.9,0.0,,0.0,5.0,,5.0,4.1,,4.1,0.0,,0.0,7.0,,7.0,3387.0,,3387.0,0.0,1.0
Red Panda Interactive,False,0.0,0.0,-4.4,0.0,,0.0,0.0,,0.0,4.4,,4.4,0.0,,0.0,0.0,,0.0,8.0,,8.0,0.0,1.0
Remedy Entertainment,False,100.0,5.0,0.2,5.0,,5.0,5.0,,5.0,4.8,,4.8,1.0,,1.0,1.0,,1.0,20.0,,20.0,0.0,1.0
Revolution Software,False,33.33,0.14,-0.5,5.0,,5.0,3.7,,3.7,4.2,,4.2,2.0,,2.0,6.0,,6.0,1401.0,,1401.0,0.0,1.0
Rimlight Studios,False,0.0,0.0,-2.6,0.0,,0.0,0.0,,0.0,2.6,,2.6,0.0,,0.0,0.0,,0.0,5458.0,,5458.0,0.0,1.0
"Robot Entertainment, Inc.",False,0.0,0.0,-4.0,0.0,,0.0,0.0,,0.0,4.0,,4.0,0.0,,0.0,0.0,,0.0,1376.0,,1376.0,0.0,1.0
RogueCode PTY Ltd,False,0.0,0.0,-3.3,0.0,,0.0,0.0,,0.0,3.3,,3.3,0.0,,0.0,0.0,,0.0,727.0,,727.0,0.0,1.0
"Rose City Games, Kowloon Nights",False,0.0,0.0,-3.4,0.0,,0.0,0.0,,0.0,3.4,,3.4,0.0,,0.0,0.0,,0.0,1005.0,,1005.0,0.0,1.0
"Rose City Games, wiip",False,0.0,0.0,-3.4,0.0,,0.0,0.0,,0.0,3.4,,3.4,0.0,,0.0,0.0,,0.0,614.0,,614.0,0.0,1.0
RubberBandGames,True,28.38,0.71,0.3,4.7,,4.7,4.6,,4.6,4.3,,4.3,42.0,,42.0,148.0,,148.0,5889.0,,5889.0,1.0,1.0
"RyseUp Studios, Starbreeze Publishing",True,10.34,0.05,0.2,5.0,,5.0,4.8,,4.8,4.6,,4.6,3.0,,3.0,29.0,,29.0,5601.0,,5601.0,1.0,1.0
SEGA,False,34.141,0.913,-0.727,2.785,2.244,3.45,3.592,1.786,4.4,4.319,0.435,4.5,2.0,3.382,1.0,7.038,19.176,3.0,805.385,974.978,504.5,0.0,26.0
SEGA,True,30.95,0.69,-0.3,4.5,,4.5,4.1,,4.1,4.4,,4.4,26.0,,26.0,84.0,,84.0,3754.0,,3754.0,1.0,1.0
SEGA Europe Ltd,False,19.272,0.06,-1.46,1.73,2.255,0.0,2.1,2.109,1.75,3.56,0.66,3.65,1.6,2.633,0.0,5.7,11.653,1.5,2856.5,4361.53,1255.0,0.0,10.0
SEGA of America,False,10.26,10.26,0.0,4.9,0.0,4.9,4.9,0.0,4.9,4.9,0.0,4.9,8.0,0.0,8.0,78.0,0.0,78.0,78.0,0.0,78.0,0.0,2.0
"SEGA of America, Inc.",False,16.67,0.06,0.9,5.0,,5.0,5.0,,5.0,4.1,,4.1,1.0,,1.0,6.0,,6.0,1556.0,,1556.0,0.0,1.0
"SK Telecom.co, Ltd.",False,0.0,0.0,1.7,0.0,,0.0,5.0,,5.0,3.3,,3.3,0.0,,0.0,1.0,,1.0,782.0,,782.0,0.0,1.0
SMG Studio,False,0.0,0.0,-3.5,0.0,0.0,0.0,0.0,0.0,0.0,3.5,0.0,3.5,0.0,0.0,0.0,0.0,0.0,0.0,1104.0,0.0,1104.0,0.0,4.0
SNK PLAYMORE,False,8.889,0.031,0.367,2.222,2.635,0.0,4.356,1.636,4.8,3.989,0.276,4.2,0.444,0.527,0.0,2.667,2.236,1.0,811.333,522.051,502.0,0.0,9.0
SNK PLAYMORE CORPORATION,False,50.0,0.14,0.75,2.5,3.536,2.5,5.0,0.0,5.0,4.25,0.071,4.25,0.5,0.707,0.5,2.5,2.121,2.5,471.5,159.099,471.5,0.0,2.0
SNK Playmore,False,50.0,0.25,-0.4,4.0,0.0,4.0,3.5,0.0,3.5,3.9,0.0,3.9,1.0,0.0,1.0,2.0,0.0,2.0,400.0,0.0,400.0,0.0,4.0
SQUARE ENIX,False,18.148,0.092,0.15,2.867,2.388,4.2,4.05,1.158,4.45,3.9,0.705,4.15,2.667,2.902,1.5,10.583,9.05,8.5,3027.583,3158.932,1921.5,0.0,12.0
SQUARE ENIX,True,20.12,0.443,0.133,3.833,1.041,3.5,3.967,0.153,4.0,3.833,0.351,3.8,4.333,4.933,2.0,19.0,15.716,12.0,1038.0,250.653,996.0,3.0,3.0
"SQUARE ENIX CO., LTD.",False,26.765,0.1,0.15,4.9,0.141,4.9,4.25,0.212,4.25,4.1,0.283,4.1,3.5,0.707,3.5,13.5,4.95,13.5,3740.0,1673.015,3740.0,0.0,2.0
SUNNY SIDE UP,False,0.0,0.0,-1.4,0.0,,0.0,2.3,,2.3,3.7,,3.7,0.0,,0.0,3.0,,3.0,1870.0,,1870.0,0.0,1.0
SUPERHOT Team,False,25.0,0.02,0.1,5.0,0.0,5.0,4.5,0.0,4.5,4.4,0.0,4.4,2.0,0.0,2.0,8.0,0.0,8.0,9881.0,0.0,9881.0,0.0,2.0
SUPERHOT Team,True,18.75,0.08,-0.2,1.7,,1.7,3.8,,3.8,4.0,,4.0,3.0,,3.0,16.0,,16.0,3649.0,,3649.0,1.0,1.0
Saber Interactive Inc.,True,63.64,1.51,0.2,3.7,,3.7,4.1,,4.1,3.9,,3.9,7.0,,7.0,11.0,,11.0,463.0,,463.0,1.0,1.0
SadSquare Studio,False,50.0,0.14,0.1,5.0,,5.0,4.0,,4.0,3.9,,3.9,4.0,,4.0,8.0,,8.0,2856.0,,2856.0,0.0,1.0
Secret Mode,False,0.0,0.0,-1.65,0.0,0.0,0.0,2.5,3.536,2.5,4.15,0.495,4.15,0.0,0.0,0.0,0.5,0.707,0.5,308.5,433.456,308.5,0.0,2.0
Sega,False,33.335,0.095,0.7,2.5,3.536,2.5,5.0,0.0,5.0,4.3,0.424,4.3,1.0,1.414,1.0,2.5,0.707,2.5,617.0,636.396,617.0,0.0,2.0
SeithCG,False,0.0,0.0,0.6,0.0,,0.0,5.0,,5.0,4.4,,4.4,0.0,,0.0,1.0,,1.0,680.0,,680.0,0.0,1.0
Serenity Forge,False,14.037,0.197,-1.567,1.667,2.887,0.0,2.833,2.515,3.7,4.4,0.557,4.5,8.0,13.856,0.0,20.0,32.078,3.0,1582.0,2179.516,627.0,0.0,3.0
Shin'en Multimedia GmbH,False,0.0,0.0,-3.8,0.0,,0.0,0.0,,0.0,3.8,,3.8,0.0,,0.0,0.0,,0.0,2412.0,,2412.0,0.0,1.0
Shiro Games,True,27.08,0.29,-0.3,3.5,,3.5,3.3,,3.3,3.6,,3.6,13.0,,13.0,48.0,,48.0,4459.0,,4459.0,1.0,1.0
Silver Lining Interactive,False,12.5,0.07,0.2,3.0,,3.0,3.9,,3.9,3.7,,3.7,1.0,,1.0,8.0,,8.0,1528.0,,1528.0,0.0,1.0
Skookum Arts,False,0.0,0.0,-4.5,0.0,,0.0,0.0,,0.0,4.5,,4.5,0.0,,0.0,0.0,,0.0,2521.0,,2521.0,0.0,1.0
Skunkape Games LLC,False,0.0,0.0,-2.25,0.0,0.0,0.0,2.5,3.536,2.5,4.75,0.071,4.75,0.0,0.0,0.0,0.5,0.707,0.5,82.5,43.134,82.5,0.0,2.0
Skybound Games,False,36.363,0.04,-0.5,3.333,2.887,5.0,3.333,2.887,5.0,3.833,0.874,3.6,0.667,0.577,1.0,4.0,6.083,1.0,1623.667,1089.726,1237.0,0.0,3.0
Skybound Games,True,25.816,0.032,0.32,4.4,1.342,5.0,4.88,0.268,5.0,4.56,0.089,4.6,2.6,0.894,3.0,9.8,2.683,11.0,9020.8,3455.172,10566.0,5.0,5.0
Skystone Games Inc.,False,0.0,0.0,-3.6,0.0,,0.0,0.0,,0.0,3.6,,3.6,0.0,,0.0,0.0,,0.0,1138.0,,1138.0,0.0,1.0
Slitherine Ltd.,False,0.0,0.0,-2.75,0.0,0.0,0.0,0.5,0.707,0.5,3.25,0.778,3.25,0.0,0.0,0.0,0.5,0.707,0.5,328.0,156.978,328.0,0.0,2.0
"Sloclap, Kepler Interactive",True,19.61,0.21,-0.3,3.6,,3.6,3.6,,3.6,3.9,,3.9,10.0,,10.0,51.0,,51.0,4770.0,,4770.0,1.0,1.0
Smilegate Entertainment,False,0.0,0.0,-2.6,0.0,,0.0,0.0,,0.0,2.6,,2.6,0.0,,0.0,0.0,,0.0,25.0,,25.0,0.0,1.0
Snapshot Games Inc,True,0.0,0.0,0.8,0.0,,0.0,3.8,,3.8,3.0,,3.0,0.0,,0.0,6.0,,6.0,2594.0,,2594.0,1.0,1.0
Snowcastle Games,False,0.0,0.0,-4.2,0.0,,0.0,0.0,,0.0,4.2,,4.2,0.0,,0.0,0.0,,0.0,261.0,,261.0,0.0,1.0
Source Technology,False,0.0,0.0,-3.5,0.0,,0.0,0.0,,0.0,3.5,,3.5,0.0,,0.0,0.0,,0.0,59.0,,59.0,0.0,1.0
Spike Chunsoft,False,6.667,0.013,0.7,1.667,2.887,0.0,5.0,0.0,5.0,4.3,0.1,4.3,0.333,0.577,0.0,2.667,2.082,2.0,1946.333,600.401,2227.0,0.0,3.0
"Spike Chunsoft Co., Ltd.",False,0.0,0.0,-1.05,0.0,0.0,0.0,2.5,3.536,2.5,3.55,0.636,3.55,0.0,0.0,0.0,0.5,0.707,0.5,895.0,89.095,895.0,0.0,2.0
Square Enix,False,21.012,0.122,0.108,3.177,2.245,4.3,4.238,1.362,4.6,4.131,0.563,4.4,3.0,4.262,2.0,13.615,18.301,8.0,4169.231,6475.779,1610.0,0.0,13.0
Square Enix LTD,False,7.14,0.01,-2.2,5.0,,5.0,2.0,,2.0,4.2,,4.2,1.0,,1.0,14.0,,14.0,12903.0,,12903.0,0.0,1.0
Square Enix Ltd,False,17.39,0.02,1.2,4.2,,4.2,4.1,,4.1,2.9,,2.9,4.0,,4.0,23.0,,23.0,19345.0,,19345.0,0.0,1.0
Stardock Entertainment,False,0.0,0.0,-2.325,0.0,0.0,0.0,0.75,1.5,0.0,3.075,0.492,3.1,0.0,0.0,0.0,0.25,0.5,0.0,184.5,50.639,177.5,0.0,4.0
Story Fort LLC,False,0.0,0.0,-2.6,0.0,,0.0,0.0,,0.0,2.6,,2.6,0.0,,0.0,0.0,,0.0,649.0,,649.0,0.0,1.0
Strange Scaffold,False,0.0,0.0,-3.6,0.0,,0.0,0.0,,0.0,3.6,,3.6,0.0,,0.0,0.0,,0.0,764.0,,764.0,0.0,1.0
Stray Bombay Company,False,100.0,0.06,-0.1,2.0,,2.0,2.0,,2.0,2.1,,2.1,1.0,,1.0,1.0,,1.0,1792.0,,1792.0,0.0,1.0
Studio Doodal,False,0.0,0.0,-3.4,0.0,,0.0,0.0,,0.0,3.4,,3.4,0.0,,0.0,0.0,,0.0,673.0,,673.0,0.0,1.0
Studio Inkyfox & Future Friends Games,False,0.0,0.0,-4.4,0.0,,0.0,0.0,,0.0,4.4,,4.4,0.0,,0.0,0.0,,0.0,3180.0,,3180.0,0.0,1.0
Studio Wildcard,True,37.465,0.54,0.4,3.6,0.566,3.6,3.5,0.707,3.5,3.1,0.566,3.1,80.0,107.48,80.0,193.5,256.68,193.5,9864.0,10900.758,9864.0,2.0,2.0
"StudioBando, Inc.",True,12.5,0.91,0.1,2.0,,2.0,3.6,,3.6,3.5,,3.5,4.0,,4.0,32.0,,32.0,438.0,,438.0,1.0,1.0
Subset Games,False,50.0,0.265,-3.1,1.5,2.121,1.5,1.5,2.121,1.5,4.6,0.0,4.6,0.5,0.707,0.5,0.5,0.707,0.5,353.5,232.638,353.5,0.0,2.0
Supergiant Games,True,23.47,0.18,-0.4,4.0,,4.0,4.2,,4.2,4.6,,4.6,23.0,,23.0,98.0,,98.0,12465.0,,12465.0,1.0,1.0
System Era Softworks,True,18.18,0.06,-0.2,2.9,,2.9,3.7,,3.7,3.9,,3.9,12.0,,12.0,66.0,,66.0,21766.0,,21766.0,1.0,1.0
THQ,False,32.714,0.28,-1.24,2.94,2.687,4.7,2.78,2.554,4.2,4.02,0.349,3.8,1.6,1.517,2.0,3.2,3.114,4.0,902.4,371.864,969.0,0.0,5.0
THQ,True,50.0,0.17,1.1,5.0,0.0,5.0,5.0,0.0,5.0,3.9,0.0,3.9,1.0,0.0,1.0,2.0,0.0,2.0,574.0,0.0,574.0,2.0,2.0
THQ Inc.,False,33.335,0.125,0.15,2.25,3.182,2.25,4.1,0.849,4.1,3.95,0.071,3.95,1.0,1.414,1.0,2.5,0.707,2.5,837.0,63.64,837.0,0.0,2.0
THQ Nordic,False,5.513,0.013,-0.969,0.577,1.629,0.0,2.796,2.156,3.6,3.765,0.515,3.75,0.192,0.634,0.0,2.654,3.187,1.0,1101.0,1134.411,757.0,0.0,26.0
THQ Nordic,True,40.0,0.22,0.5,4.3,,4.3,4.3,,4.3,3.8,,3.8,12.0,,12.0,30.0,,30.0,5556.0,,5556.0,1.0,1.0
THQ Nordic GmbH,False,0.0,0.0,0.1,0.0,0.0,0.0,4.3,0.0,4.3,4.2,0.0,4.2,0.0,0.0,0.0,6.0,0.0,6.0,5224.0,0.0,5224.0,0.0,2.0
"THQ, Inc.",True,0.0,0.0,0.3,0.0,0.0,0.0,4.8,0.0,4.8,4.5,0.0,4.5,0.0,0.0,0.0,4.0,0.0,4.0,860.0,0.0,860.0,4.0,4.0
Tactical Adventures,False,0.0,0.0,0.3,0.0,,0.0,4.0,,4.0,3.7,,3.7,0.0,,0.0,1.0,,1.0,3219.0,,3219.0,0.0,1.0
TaleWorlds Entertainment,False,30.0,0.05,0.6,4.7,,4.7,4.9,,4.9,4.3,,4.3,3.0,,3.0,10.0,,10.0,5858.0,,5858.0,0.0,1.0
TaleWorlds Entertainment,True,15.77,0.56,-0.4,3.3,,3.3,3.5,,3.5,3.9,,3.9,56.0,,56.0,355.0,,355.0,10018.0,,10018.0,1.0,1.0
Team Cherry,True,25.26,0.38,0.0,4.6,,4.6,4.7,,4.7,4.7,,4.7,97.0,,97.0,384.0,,384.0,25201.0,,25201.0,1.0,1.0
Team Reptile,False,0.0,0.0,1.1,0.0,,0.0,5.0,,5.0,3.9,,3.9,0.0,,0.0,2.0,,2.0,767.0,,767.0,0.0,1.0
Team17,False,21.794,0.04,-1.454,0.462,0.519,0.0,2.238,1.473,2.7,3.692,0.531,3.7,0.462,0.519,0.0,2.077,1.32,3.0,773.923,478.811,1135.0,0.0,13.0
Team17,True,17.62,0.147,0.2,2.9,2.594,3.7,3.667,0.503,3.6,3.467,0.252,3.5,15.667,26.274,1.0,49.667,78.233,5.0,6615.333,9838.664,1332.0,3.0,3.0
Team17 ,False,0.0,0.0,0.8,0.0,,0.0,5.0,,5.0,4.2,,4.2,0.0,,0.0,1.0,,1.0,1107.0,,1107.0,0.0,1.0
Team17 Digital Ltd,False,15.555,0.025,-0.7,0.6,1.298,0.0,3.447,0.866,3.5,4.147,0.362,4.0,0.333,0.488,0.0,3.0,1.195,4.0,1532.4,188.451,1525.0,0.0,15.0
Team17 Digital Ltd,True,15.385,0.085,-0.15,2.0,2.828,2.0,4.4,0.849,4.4,4.55,0.354,4.55,2.0,2.828,2.0,7.0,8.485,7.0,1200.0,1615.032,1200.0,2.0,2.0
Team17 Digital Ltd.,False,17.857,0.028,-1.179,1.214,2.119,0.0,2.693,1.682,3.0,3.871,0.463,3.75,0.357,0.633,0.0,1.571,0.852,1.5,4914.429,5178.758,1424.0,0.0,14.0
Team17 Digital Ltd.,True,15.38,0.11,0.5,5.0,,5.0,5.0,,5.0,4.5,,4.5,2.0,,2.0,13.0,,13.0,1793.0,,1793.0,1.0,1.0
Tecmo,False,4.763,0.043,0.1,1.667,2.887,0.0,4.767,0.404,5.0,4.667,0.115,4.6,1.0,1.732,0.0,13.667,6.351,10.0,1657.0,583.701,1320.0,0.0,3.0
Tecmo Koei America,False,0.0,0.0,-3.2,0.0,,0.0,0.0,,0.0,3.2,,3.2,0.0,,0.0,0.0,,0.0,131.0,,131.0,0.0,1.0
Telltale,False,55.263,0.1,0.367,4.833,0.289,5.0,4.9,0.1,4.9,4.533,0.208,4.6,3.0,2.646,2.0,14.333,20.551,4.0,5256.0,7063.738,1649.0,0.0,3.0
Telltale Games,False,31.665,0.09,0.45,4.5,0.707,4.5,4.55,0.071,4.55,4.1,0.424,4.1,1.5,0.707,1.5,8.5,9.192,8.5,1672.5,218.496,1672.5,0.0,2.0
Terrible Toybox,False,66.67,0.16,-0.4,4.5,,4.5,4.3,,4.3,4.7,,4.7,2.0,,2.0,3.0,,3.0,1219.0,,1219.0,0.0,1.0
The Arcade Crew,False,25.0,0.095,-2.25,1.0,1.414,1.0,1.75,2.475,1.75,4.0,0.0,4.0,1.0,1.414,1.0,2.0,2.828,2.0,973.5,94.045,973.5,0.0,2.0
The Fun Pimps Entertainment LLC.,False,25.0,0.07,0.9,5.0,,5.0,5.0,,5.0,4.1,,4.1,1.0,,1.0,4.0,,4.0,1398.0,,1398.0,0.0,1.0
The Game Bakers,False,37.5,0.11,-0.9,3.0,2.828,3.0,3.6,0.849,3.6,4.5,0.0,4.5,1.0,0.0,1.0,3.0,1.414,3.0,1830.5,1851.913,1830.5,0.0,2.0
The Quantum Astrophysicists Guild,False,0.0,0.0,-0.6,0.0,0.0,0.0,2.5,3.536,2.5,3.1,0.849,3.1,0.0,0.0,0.0,0.5,0.707,0.5,2233.0,2199.102,2233.0,0.0,2.0
The Voxel Agents,False,0.0,0.0,-4.5,0.0,,0.0,0.0,,0.0,4.5,,4.5,0.0,,0.0,0.0,,0.0,10358.0,,10358.0,0.0,1.0
"Thekla, Inc.",False,50.0,0.05,-0.1,5.0,,5.0,3.5,,3.5,3.6,,3.6,1.0,,1.0,2.0,,2.0,2005.0,,2005.0,0.0,1.0
Thorium Entertainment,False,0.0,0.0,1.0,0.0,,0.0,5.0,,5.0,4.0,,4.0,0.0,,0.0,1.0,,1.0,1576.0,,1576.0,0.0,1.0
Thunder Lotus,True,29.17,0.11,0.0,5.0,,5.0,4.3,,4.3,4.3,,4.3,7.0,,7.0,24.0,,24.0,6581.0,,6581.0,1.0,1.0
Thunderful,True,25.0,0.05,0.2,4.6,,4.6,4.2,,4.2,4.0,,4.0,5.0,,5.0,20.0,,20.0,9240.0,,9240.0,1.0,1.0
Thunderful Publishing,False,0.0,0.0,-0.6,0.0,,0.0,3.7,,3.7,4.3,,4.3,0.0,,0.0,7.0,,7.0,2017.0,,2017.0,0.0,1.0
Thunderful Publishing,True,23.26,0.12,0.3,4.9,,4.9,4.9,,4.9,4.6,,4.6,10.0,,10.0,43.0,,43.0,8514.0,,8514.0,1.0,1.0
"Top Hat Studios, Inc.",True,44.19,1.51,0.1,4.7,,4.7,4.6,,4.6,4.5,,4.5,19.0,,19.0,43.0,,43.0,1262.0,,1262.0,1.0,1.0
Toplitz Productions,False,66.67,0.43,1.3,4.0,,4.0,4.3,,4.3,3.0,,3.0,2.0,,2.0,3.0,,3.0,465.0,,465.0,0.0,1.0
Toplitz Productions,True,34.34,0.36,0.0,3.7,,3.7,3.8,,3.8,3.8,,3.8,34.0,,34.0,99.0,,99.0,9499.0,,9499.0,1.0,1.0
Total Mayhem Games,False,66.67,0.14,-1.9,1.5,,1.5,1.3,,1.3,3.2,,3.2,2.0,,2.0,3.0,,3.0,1399.0,,1399.0,0.0,1.0
Trapped Nerve Games,False,100.0,0.08,0.8,5.0,,5.0,5.0,,5.0,4.2,,4.2,1.0,,1.0,1.0,,1.0,1232.0,,1232.0,0.0,1.0
Triangle Studios,False,0.0,0.0,-3.9,0.0,,0.0,0.0,,0.0,3.9,,3.9,0.0,,0.0,0.0,,0.0,233.0,,233.0,0.0,1.0
Tripwire Interactive LLC,False,35.48,0.09,0.2,4.9,,4.9,4.3,,4.3,4.1,,4.1,11.0,,11.0,31.0,,31.0,12497.0,,12497.0,0.0,1.0
Twin Sails Interactive,False,0.0,0.0,-3.65,0.0,0.0,0.0,0.0,0.0,0.0,3.65,0.212,3.65,0.0,0.0,0.0,0.0,0.0,0.0,2406.5,842.164,2406.5,0.0,2.0
UBISOFT,False,18.685,0.49,0.0,2.25,0.778,2.25,2.75,0.919,2.75,2.75,0.495,2.75,3.5,0.707,3.5,20.5,10.607,20.5,1591.5,1743.018,1591.5,0.0,2.0
UBISOFT,True,20.151,0.307,-1.129,2.043,1.642,3.0,2.214,1.527,3.0,3.343,0.483,3.5,7.429,8.619,3.0,33.143,39.625,12.0,4106.0,4928.902,407.0,7.0,7.0
UbiSoft,False,14.29,0.07,0.3,4.0,,4.0,4.3,,4.3,4.0,,4.0,1.0,,1.0,7.0,,7.0,1412.0,,1412.0,0.0,1.0
Ubisoft,False,16.48,0.087,-0.374,1.952,2.211,0.0,3.813,1.629,4.2,4.187,0.398,4.3,5.348,19.399,0.0,20.087,71.449,2.0,5002.522,16333.192,1012.0,0.0,23.0
Ubisoft,True,18.049,0.191,-0.26,2.839,1.742,3.4,3.629,0.968,3.8,3.889,0.554,4.05,7.629,8.231,4.0,33.229,28.916,23.0,20059.886,29075.615,5294.5,70.0,70.0
Ubisoft Entertainment,True,36.204,0.028,-0.744,1.933,1.867,2.6,2.322,0.854,2.1,3.067,0.566,2.8,3.889,7.322,3.0,13.444,28.333,4.0,8315.0,5995.972,13293.0,9.0,9.0
Unbound Creations,False,0.0,0.0,-4.4,0.0,,0.0,0.0,,0.0,4.4,,4.4,0.0,,0.0,0.0,,0.0,1594.0,,1594.0,0.0,1.0
Unknown Worlds Entertainment,False,25.0,0.08,0.3,4.7,,4.7,4.8,,4.8,4.5,,4.5,26.0,,26.0,104.0,,104.0,34183.0,,34183.0,0.0,1.0
"Unknown Worlds Entertainment, Inc.",False,21.43,0.05,0.2,4.7,,4.7,4.4,,4.4,4.2,,4.2,3.0,,3.0,14.0,,14.0,6122.0,,6122.0,0.0,1.0
Valve,False,30.77,0.15,0.1,5.0,,5.0,4.8,,4.8,4.7,,4.7,4.0,,4.0,13.0,,13.0,2610.0,,2610.0,0.0,1.0
Vector Unit,False,0.0,0.0,-0.1,0.0,,0.0,4.1,,4.1,4.2,,4.2,0.0,,0.0,7.0,,7.0,814.0,,814.0,0.0,1.0
Versus Evil,False,0.0,0.0,0.643,0.0,0.0,0.0,4.143,1.864,5.0,3.5,0.545,3.1,0.0,0.0,0.0,0.857,0.378,1.0,1977.143,1324.922,2969.0,0.0,7.0
Versus Evil,True,100.0,0.13,-0.7,3.0,,3.0,3.0,,3.0,3.7,,3.7,1.0,,1.0,1.0,,1.0,747.0,,747.0,1.0,1.0
"Versus Evil, LLC.",False,0.0,0.0,-2.7,0.0,,0.0,0.0,,0.0,2.7,,2.7,0.0,,0.0,0.0,,0.0,919.0,,919.0,0.0,1.0
Visai Games Inc,False,50.0,0.03,0.2,5.0,,5.0,4.5,,4.5,4.3,,4.3,1.0,,1.0,2.0,,2.0,3511.0,,3511.0,0.0,1.0
Vlambeer,False,50.0,0.15,1.3,5.0,,5.0,5.0,,5.0,3.7,,3.7,1.0,,1.0,2.0,,2.0,661.0,,661.0,0.0,1.0
"WB Games, Inc.",False,13.33,0.1,-0.8,2.0,0.0,2.0,3.1,0.0,3.1,3.9,0.0,3.9,2.0,0.0,2.0,15.0,0.0,15.0,1993.0,0.0,1993.0,0.0,4.0
Wadjet Eye Games,False,0.0,0.0,-4.6,0.0,,0.0,0.0,,0.0,4.6,,4.6,0.0,,0.0,0.0,,0.0,232.0,,232.0,0.0,1.0
Wales Interactive,False,0.0,0.0,-0.55,0.0,0.0,0.0,3.5,0.707,3.5,4.05,0.636,4.05,0.0,0.0,0.0,1.5,0.707,1.5,1551.0,435.578,1551.0,0.0,2.0
Warner Bros. Games,False,31.539,0.13,0.157,4.229,0.527,4.25,4.35,0.433,4.45,4.193,0.387,4.3,8.929,6.956,7.0,36.0,38.012,26.5,11807.571,13473.34,7186.5,0.0,14.0
Warner Bros. Games,True,21.81,0.19,-0.075,4.35,0.37,4.35,4.25,0.686,4.45,4.325,0.263,4.3,31.0,34.205,18.5,144.75,163.909,83.0,17155.25,13093.526,14351.5,4.0,4.0
Warner Bros. Interactive Entertainment,False,47.06,0.49,0.3,5.0,0.0,5.0,5.0,0.0,5.0,4.7,0.0,4.7,8.0,0.0,8.0,17.0,0.0,17.0,1639.0,0.0,1639.0,0.0,2.0
WayForward,False,11.111,0.024,-1.678,0.522,1.567,0.0,2.744,2.605,4.7,4.422,0.097,4.4,0.333,1.0,0.0,0.778,0.972,1.0,1754.444,266.804,1578.0,0.0,9.0
Whippoorwill Limited,False,0.0,0.0,0.3,0.0,,0.0,5.0,,5.0,4.7,,4.7,0.0,,0.0,7.0,,7.0,4153.0,,4153.0,0.0,1.0
Whitethorn Games,False,35.185,0.113,0.167,3.333,2.582,5.0,3.9,2.0,4.95,3.733,0.565,3.6,1.0,1.095,1.0,3.167,3.545,1.5,1444.667,1200.288,935.0,0.0,6.0
Whitethorn Games,True,13.33,0.3,-0.3,2.8,,2.8,2.3,,2.3,2.6,,2.6,4.0,,4.0,30.0,,30.0,1335.0,,1335.0,1.0,1.0
Wired Productions,False,16.945,0.02,-1.05,2.45,2.686,2.35,2.133,2.359,1.9,3.183,0.985,3.1,0.833,1.169,0.5,2.5,2.811,2.0,2716.167,1490.576,2412.5,0.0,6.0
Wired Productions Ltd,False,0.0,0.0,-3.0,0.0,,0.0,0.0,,0.0,3.0,,3.0,0.0,,0.0,0.0,,0.0,739.0,,739.0,0.0,1.0
Witch Beam,False,0.0,0.0,-0.7,0.0,,0.0,3.0,,3.0,3.7,,3.7,0.0,,0.0,2.0,,2.0,1435.0,,1435.0,0.0,1.0
Worm Club,False,0.0,0.0,-4.4,0.0,,0.0,0.0,,0.0,4.4,,4.4,0.0,,0.0,0.0,,0.0,2475.0,,2475.0,0.0,1.0
Xbox Game Studios,False,29.476,0.115,0.1,3.675,0.589,3.7,4.112,0.483,4.2,4.012,0.398,4.1,19.812,36.568,3.0,80.375,146.528,11.0,31125.625,38104.63,18256.0,0.0,16.0
Xbox Game Studios,True,27.415,0.163,0.213,3.884,1.607,4.75,4.282,0.789,4.6,4.068,0.512,4.2,84.211,478.386,3.0,372.421,2120.561,14.5,68329.711,346474.892,4093.0,38.0,38.0
Xbox Game Studios ,False,0.0,0.0,0.0,0.0,,0.0,3.3,,3.3,3.3,,3.3,0.0,,0.0,9.0,,9.0,1443.0,,1443.0,0.0,1.0
Xbox Game Studios ,True,26.65,0.2,-0.05,4.1,0.283,4.1,4.15,0.212,4.15,4.2,0.283,4.2,18.5,0.707,18.5,69.5,4.95,69.5,10084.0,4439.216,10084.0,2.0,2.0
"Xbox Games Studios, Rare Ltd",True,22.22,0.03,0.2,4.0,,4.0,3.9,,3.9,3.7,,3.7,2.0,,2.0,9.0,,9.0,6006.0,,6006.0,1.0,1.0
Xbox LIVE Arcade,False,0.0,0.0,-3.6,0.0,,0.0,0.0,,0.0,3.6,,3.6,0.0,,0.0,0.0,,0.0,283.0,,283.0,0.0,1.0
YCJY Games,False,0.0,0.0,1.6,0.0,,0.0,5.0,,5.0,3.4,,3.4,0.0,,0.0,1.0,,1.0,881.0,,881.0,0.0,1.0
Yacht Club Games,False,0.0,0.0,-3.7,0.0,,0.0,0.0,,0.0,3.7,,3.7,0.0,,0.0,0.0,,0.0,1808.0,,1808.0,0.0,1.0
Young Horses,False,26.67,0.12,0.4,5.0,,5.0,4.8,,4.8,4.4,,4.4,4.0,,4.0,15.0,,15.0,3324.0,,3324.0,0.0,1.0
Ysbryd Games,False,0.0,0.0,-3.1,0.0,0.0,0.0,0.0,0.0,0.0,3.1,1.212,2.9,0.0,0.0,0.0,0.0,0.0,0.0,576.0,419.408,495.0,0.0,3.0
Zachtronics,False,0.0,0.0,-3.5,0.0,0.0,0.0,0.0,0.0,0.0,3.5,0.589,3.4,0.0,0.0,0.0,0.0,0.0,0.0,236.5,87.733,267.0,0.0,4.0
Zen Studios,False,0.0,0.0,-3.567,0.0,0.0,0.0,0.0,0.0,0.0,3.567,0.163,3.5,0.0,0.0,0.0,0.0,0.0,0.0,2892.833,972.856,3290.0,0.0,6.0
astragon Entertainment,True,26.67,0.29,0.1,2.5,,2.5,3.3,,3.3,3.2,,3.2,4.0,,4.0,15.0,,15.0,1395.0,,1395.0,1.0,1.0
astragon Entertainment GmbH,True,0.0,0.0,-3.8,0.0,,0.0,0.0,,0.0,3.8,,3.8,0.0,,0.0,0.0,,0.0,50.0,,50.0,1.0,1.0
bilibili Game,False,0.0,0.0,-2.2,0.0,,0.0,0.0,,0.0,2.2,,2.2,0.0,,0.0,0.0,,0.0,3296.0,,3296.0,0.0,1.0
cdv Software Entertainment,False,33.33,0.13,0.8,5.0,,5.0,5.0,,5.0,4.2,,4.2,1.0,,1.0,3.0,,3.0,759.0,,759.0,0.0,1.0
"iam8bit, Inc.",False,0.0,0.0,-4.1,0.0,,0.0,0.0,,0.0,4.1,,4.1,0.0,,0.0,0.0,,0.0,3079.0,,3079.0,0.0,1.0
"inXile entertainment, Inc. ",True,0.0,0.0,-3.9,0.0,,0.0,0.0,,0.0,3.9,,3.9,0.0,,0.0,0.0,,0.0,606.0,,606.0,1.0,1.0
"inXile entertainment, inc. ",True,66.67,0.19,-0.3,3.5,,3.5,3.0,,3.0,3.3,,3.3,2.0,,2.0,3.0,,3.0,1027.0,,1027.0,1.0,1.0
indie.io,False,0.0,0.0,-1.0,0.0,0.0,0.0,2.5,3.536,2.5,3.5,0.424,3.5,0.0,0.0,0.0,0.5,0.707,0.5,931.0,439.82,931.0,0.0,2.0
"nWay, Inc",False,36.36,0.38,-0.3,2.2,,2.2,2.5,,2.5,2.8,,2.8,12.0,,12.0,33.0,,33.0,3173.0,,3173.0,0.0,1.0
straka.studio s.r.o.,False,0.0,0.0,-2.8,0.0,,0.0,0.0,,0.0,2.8,,2.8,0.0,,0.0,0.0,,0.0,874.0,,874.0,0.0,1.0
tinyBuild,False,14.622,0.028,-1.153,1.294,1.993,0.0,2.529,2.272,3.5,3.682,0.671,3.8,1.059,2.076,0.0,6.647,12.409,1.0,2422.941,1795.118,2184.0,0.0,17.0
tinyBuild,True,4.59,4.59,0.0,3.8,,3.8,3.6,,3.6,3.6,,3.6,27.0,,27.0,588.0,,588.0,588.0,,588.0,1.0,1.0
tinyBuild GAMES,False,0.0,0.0,-3.8,0.0,,0.0,0.0,,0.0,3.8,,3.8,0.0,,0.0,0.0,,0.0,2337.0,,2337.0,0.0,1.0
unidevstudio,False,0.0,0.0,-3.9,0.0,,0.0,0.0,,0.0,3.9,,3.9,0.0,,0.0,0.0,,0.0,479.0,,479.0,0.0,1.0
æ ªå¼ä¼šç¤¾ ã‚«ãƒ—ã‚³ãƒ³,False,0.0,0.0,1.4,0.0,,0.0,5.0,,5.0,3.6,,3.6,0.0,,0.0,1.0,,1.0,241.0,,241.0,0.0,1.0
